{"type": "FeatureCollection", "name": "valle_trebba_dossi_poligoni", "crs": {"type": "name", "properties": {"name": "urn:ogc:def:crs:OGC:1.3:CRS84"}}, "features": [{"type": "Feature", "properties": {"id": 1, "nome": "III.A", "containment_depth": 0, "elevation_cm": -80}, "geometry": {"type": "MultiPolygon", "coordinates": [[[[12.111588489799606, 44.715201390929224], [12.111578507897553, 44.7153370279367], [12.111595356871804, 44.71544217475175], [12.111777351808309, 44.715431739710716], [12.111946661131524, 44.7154397978227], [12.11213085970674, 44.715427169329075], [12.112302496999598, 44.71541234809702], [12.112252766572102, 44.71528061502747], [12.112212515827673, 44.71512353191236], [12.112124105345409, 44.71497839023877], [12.112086260676138, 44.71494924107586], [12.112016290311477, 44.71492240521985], [12.111928946330197, 44.71492239183792], [12.11180072558068, 44.71493690698178], [12.111718664103739, 44.71496022370741], [12.111693936156954, 44.71498772579954], [12.111632451635028, 44.71505647186183], [12.11159176080393, 44.71513710665876], [12.111588489799606, 44.715201390929224]]]]}}, {"type": "Feature", "properties": {"id": 2, "nome": "III.B", "containment_depth": 0, "elevation_cm": -80}, "geometry": {"type": "MultiPolygon", "coordinates": [[[[12.112462387399088, 44.715178566373744], [12.112562876543068, 44.7151961057486], [12.112703367505727, 44.71523029914926], [12.112871182286124, 44.715210511255876], [12.1129051307271, 44.715147476787294], [12.112941452260081, 44.71505447493703], [12.112866259201224, 44.71489582084755], [12.11277882421102, 44.71481772255545], [12.11269137433454, 44.71479193880125], [12.112592160962398, 44.71478357856572], [12.112490176125815, 44.71480245697916], [12.112389915734534, 44.71485348162121], [12.112383287134458, 44.7149140249514], [12.112384511241256, 44.71498944473577], [12.112462387399088, 44.715178566373744]]]]}}, {"type": "Feature", "properties": {"id": null, "nome": "II.B DOSSO FELLETTI", "containment_depth": 0, "elevation_cm": -80}, "geometry": {"type": "MultiPolygon", "coordinates": [[[[12.111022807082284, 44.71241774893581], [12.111083000594004, 44.712435222449244], [12.111160431187509, 44.71243210506026], [12.111423439301909, 44.7124430418342], [12.111680666332983, 44.71239880332208], [12.111863888442759, 44.71231634096718], [12.111925460269752, 44.71225429907614], [12.111942828008644, 44.712157245283215], [12.111921465393243, 44.71202201218542], [12.111868778320837, 44.71190775428711], [12.111805721501433, 44.71186319612833], [12.111731171051263, 44.711841084339035], [12.111461991705905, 44.71182025613999], [12.111155728573399, 44.71187086149512], [12.111151448316857, 44.71186997216592], [12.11101554121136, 44.711913919687426], [12.110881411526984, 44.71199101799244], [12.11082974602258, 44.71207995237742], [12.110860491187315, 44.71217971837034], [12.110871575298237, 44.712254869356116], [12.110952213252784, 44.71239049854103], [12.111022807082284, 44.71241774893581]]]]}}, {"type": "Feature", "properties": {"id": null, "nome": "DOSSO BARCAROLI", "containment_depth": 0, "elevation_cm": -80}, "geometry": {"type": "MultiPolygon", "coordinates": [[[[12.108784435418276, 44.70998176182574], [12.108857573668407, 44.71000391403061], [12.108889122888678, 44.70996080057917], [12.108872166743584, 44.709644359065976], [12.108821401208981, 44.70932883875997], [12.108675884030376, 44.708982700649614], [12.108548831752723, 44.70882318327923], [12.108456663238481, 44.70884078501766], [12.108405731111391, 44.708996097200455], [12.108397706541977, 44.70916231292354], [12.108437946342148, 44.70936041315759], [12.108543194535113, 44.709586923531184], [12.108689547863381, 44.70986965829695], [12.108784435418276, 44.70998176182574]]]]}}, {"type": "Feature", "properties": {"id": null, "nome": "II.C", "containment_depth": 0, "elevation_cm": -80}, "geometry": {"type": "MultiPolygon", "coordinates": [[[[12.109997493588754, 44.708904807734434], [12.11011993864934, 44.70893881944595], [12.110276159312722, 44.70895153793075], [12.110425808007118, 44.70893048140987], [12.110497870816806, 44.708883244911725], [12.110480335806237, 44.70882260583547], [12.110456876127177, 44.70879947762198], [12.110427147395413, 44.708748225345914], [12.11038559804232, 44.70868371372397], [12.110317400342613, 44.70865501428979], [12.110253583960972, 44.70864883134978], [12.110082909353336, 44.70866253819114], [12.109964896798534, 44.70868160014827], [12.109917100381987, 44.70870780251149], [12.1099162932082, 44.70875196465293], [12.109923157951732, 44.70882081724666], [12.10994801069074, 44.70886993896353], [12.109997493588754, 44.708904807734434]]]]}}, {"type": "Feature", "properties": {"id": null, "nome": "II.A", "containment_depth": 0, "elevation_cm": -80}, "geometry": {"type": "MultiPolygon", "coordinates": [[[[12.111317856344558, 44.71073987972996], [12.111440999289032, 44.71073377022465], [12.11153496225868, 44.71068718513074], [12.111671622378328, 44.710573401539676], [12.111665984013372, 44.71010856606994], [12.111626217075019, 44.70979874062019], [12.111372914671497, 44.709032500522156], [12.111214600938302, 44.70874241606655], [12.111190770564566, 44.70865777197774], [12.111021512697413, 44.70830745450586], [12.110968811085103, 44.708153867942876], [12.110831203333472, 44.70799623056784], [12.1106784463293, 44.707953621308164], [12.11061041318174, 44.70793048292279], [12.11045645494385, 44.70793743163302], [12.110348150206281, 44.70798188583149], [12.110300693285666, 44.708104241857995], [12.110320056865405, 44.70824953906767], [12.110330537000099, 44.70837306710933], [12.11036415665406, 44.70842442752182], [12.110390489497943, 44.70855577764346], [12.110501287053477, 44.708679322268026], [12.110540674503245, 44.70876629379438], [12.110630124122741, 44.70892343727925], [12.110632605101879, 44.70904168053287], [12.110697908006355, 44.709180222362555], [12.110702474291864, 44.70926539176508], [12.110720886938893, 44.70960881675862], [12.110789578814666, 44.70981054869274], [12.110821975824324, 44.70998300459018], [12.110877025171211, 44.71021812541219], [12.110986898188482, 44.71046825986305], [12.111038582763106, 44.71056865297562], [12.111113973738322, 44.71067940531317], [12.111317856344558, 44.71073987972996]]]]}}, {"type": "Feature", "properties": {"id": null, "nome": "II.D", "containment_depth": 0, "elevation_cm": -80}, "geometry": {"type": "MultiPolygon", "coordinates": [[[[12.110393980732937, 44.70716942711617], [12.110346314284767, 44.707179897938694], [12.11029938416919, 44.707204105752304], [12.110273070876874, 44.70724105004565], [12.110270515227336, 44.707277346699726], [12.110303276054083, 44.70738467602192], [12.11035803139307, 44.707446465940755], [12.110387171403092, 44.70745025724968], [12.110509047879107, 44.70744464184847], [12.110580128577183, 44.70742711264999], [12.11061621667925, 44.707404576017346], [12.110634664352405, 44.707328867685504], [12.110635461453215, 44.70730775175929], [12.110626827306636, 44.70727863870947], [12.110616712591279, 44.707245897468205], [12.110572570543212, 44.70720216110358], [12.110551806349678, 44.70718667725962], [12.11047836558364, 44.707172170918795], [12.110446632771446, 44.707167991747596], [12.110393980732937, 44.70716942711617]]]]}}, {"type": "Feature", "properties": {"id": null, "nome": "II.E", "containment_depth": 0, "elevation_cm": -80}, "geometry": {"type": "MultiPolygon", "coordinates": [[[[12.109848633532213, 44.70618461113142], [12.109857442912924, 44.70620500664749], [12.109882676636413, 44.70621991022632], [12.109913124718272, 44.706224124573346], [12.109936338047545, 44.70622532612458], [12.109969407576658, 44.706218463335006], [12.110001147838457, 44.706198796822214], [12.110012860661689, 44.70617738335906], [12.110023922832422, 44.70610783783063], [12.11001277393975, 44.70606778760781], [12.109993842407455, 44.70603849661948], [12.109960731920943, 44.70602059777832], [12.109884622243312, 44.70601625232857], [12.109850342266839, 44.706024523794625], [12.109830629894576, 44.70604065244495], [12.109818692126323, 44.70606986770277], [12.109818630929041, 44.70610472065444], [12.109826941404451, 44.706139803995946], [12.109848633532213, 44.70618461113142]]]]}}, {"type": "Feature", "properties": {"id": null, "nome": "II.G", "containment_depth": 0, "elevation_cm": -80}, "geometry": {"type": "MultiPolygon", "coordinates": [[[[12.11667596814982, 44.708465421555154], [12.116716708366114, 44.708505579915695], [12.116765803811372, 44.70850974161137], [12.116842069757562, 44.70849298399902], [12.116844205704982, 44.70843698018829], [12.11678357818537, 44.708313905518295], [12.116757205199576, 44.70830178601166], [12.116727569904706, 44.70830076127959], [12.116684693730358, 44.70831660673117], [12.116661277513858, 44.70833558915068], [12.116652479565731, 44.708363343638766], [12.116650146662616, 44.70841568427172], [12.11667596814982, 44.708465421555154]]]]}}, {"type": "Feature", "properties": {"id": null, "nome": null, "containment_depth": 0, "elevation_cm": -80}, "geometry": {"type": "MultiPolygon", "coordinates": [[[[12.116465471142543, 44.70181641012577], [12.116538187592784, 44.70173371561844], [12.116588785024291, 44.70162227679537], [12.116577375403589, 44.70140981209014], [12.11648894429627, 44.70110406870727], [12.116312434270348, 44.70069067423549], [12.116160163685743, 44.700537085103704], [12.116087667265935, 44.70052805941063], [12.116025398014537, 44.70070951940081], [12.116034006736689, 44.70106146588973], [12.116108819229703, 44.70130521608432], [12.116282379433105, 44.701663663038964], [12.116465471142543, 44.70181641012577]]]]}}, {"type": "Feature", "properties": {"id": null, "nome": "I.U", "containment_depth": 0, "elevation_cm": -80}, "geometry": {"type": "MultiPolygon", "coordinates": [[[[12.116644495112588, 44.698564845670724], [12.116593402909304, 44.6985832083813], [12.116587816150023, 44.69861087518166], [12.116599361229722, 44.69865825109249], [12.116624320027935, 44.69868003925062], [12.116643875093251, 44.698685007925015], [12.116679581237904, 44.6986794468711], [12.11669630054397, 44.69866752591219], [12.116696109255813, 44.69864001694269], [12.116686066681849, 44.698608649945704], [12.116679897990453, 44.69858955851531], [12.11666138379219, 44.69856805289749], [12.116644495112588, 44.698564845670724]]]]}}, {"type": "Feature", "properties": {"id": null, "nome": "I.S", "containment_depth": 0, "elevation_cm": -80}, "geometry": {"type": "MultiPolygon", "coordinates": [[[[12.112957825466923, 44.69893558877569], [12.112942035046446, 44.69897683231701], [12.112954836712136, 44.699023715742946], [12.112980380302936, 44.69906841723967], [12.113037069932552, 44.69908246189196], [12.113072678487628, 44.69907507035206], [12.113101375761365, 44.6990586959767], [12.11311627159761, 44.69903673675871], [12.113117341448147, 44.69900873480336], [12.113099308814771, 44.698948237024695], [12.113081785082285, 44.69892120096139], [12.11306324406125, 44.69891115973844], [12.11302045421057, 44.6989045315441], [12.112991809572003, 44.698909898785274], [12.112957825466923, 44.69893558877569]]]]}}, {"type": "Feature", "properties": {"id": null, "nome": "I.T", "containment_depth": 0, "elevation_cm": -80}, "geometry": {"type": "MultiPolygon", "coordinates": [[[[12.111928448179286, 44.698707328688805], [12.111877136990715, 44.698709645308924], [12.111840187965882, 44.69874000153157], [12.111838962785539, 44.69878910192941], [12.111869715107908, 44.698835037324876], [12.111921443768837, 44.69884050501046], [12.111947765976, 44.6988397870815], [12.111993450210353, 44.69882845250724], [12.11199844261401, 44.698813642100916], [12.111981719768789, 44.69875356698826], [12.111977748666424, 44.6987394596324], [12.111959902673169, 44.69871839359419], [12.111928448179286, 44.698707328688805]]]]}}, {"type": "Feature", "properties": {"id": null, "nome": "I.Q", "containment_depth": 0, "elevation_cm": -80}, "geometry": {"type": "MultiPolygon", "coordinates": [[[[12.11274598221571, 44.70394069610135], [12.112816114225884, 44.70394153416949], [12.112860121677071, 44.703934830695474], [12.112884593674657, 44.703935538736864], [12.112965251112856, 44.70391682962264], [12.113044662541464, 44.70385092177573], [12.113059734876154, 44.70382024493869], [12.113064681634178, 44.70379259579021], [12.113055927478634, 44.70374927052785], [12.113047345283837, 44.703709150560194], [12.113044162959087, 44.703697773147056], [12.11304367168575, 44.703688615158285], [12.11302679188981, 44.703649638722986], [12.11300061832202, 44.70364118145381], [12.11289046148616, 44.703625385568756], [12.112802250552956, 44.703635129314456], [12.112697714500124, 44.70365219690954], [12.11264392203803, 44.70368026146909], [12.112613184034071, 44.70374254835806], [12.112614282268645, 44.70378699965275], [12.112627776126907, 44.70383478134281], [12.11264090508325, 44.70386377163079], [12.112668478674713, 44.70389832925736], [12.112706030539192, 44.7039271118201], [12.11274598221571, 44.70394069610135]]]]}}, {"type": "Feature", "properties": {"id": null, "nome": "I.P", "containment_depth": 0, "elevation_cm": -80}, "geometry": {"type": "MultiPolygon", "coordinates": [[[[12.111294308020968, 44.70557733246822], [12.111387626546442, 44.70558848201412], [12.11142247895864, 44.705583618932025], [12.111458343251902, 44.705577163182674], [12.111487933040369, 44.705556010442585], [12.111498364134077, 44.70548451565124], [12.111476350082812, 44.705401385166525], [12.111399699657378, 44.70478018942213], [12.111376961985034, 44.70451983533734], [12.111374820301249, 44.7044287288596], [12.111377435145421, 44.70435470835728], [12.111345589960104, 44.704313320080644], [12.111318225795978, 44.70429411173957], [12.11125718945237, 44.70428129931292], [12.11113487350442, 44.704292068694805], [12.11097599622813, 44.704316746606665], [12.110959219670251, 44.704331289600866], [12.11095045900507, 44.70438278426231], [12.11095683468573, 44.704409607748204], [12.110981243666743, 44.704445329907514], [12.111035058296938, 44.70450763885856], [12.111151681991233, 44.70484094723987], [12.111238478893979, 44.70515002783003], [12.111229217579723, 44.705386604762104], [12.111215457222444, 44.70545740778241], [12.1112411414415, 44.70552713520882], [12.111294308020968, 44.70557733246822]]]]}}, {"type": "Feature", "properties": {"id": null, "nome": null, "containment_depth": 0, "elevation_cm": -80}, "geometry": {"type": "MultiPolygon", "coordinates": [[[[12.111107473640944, 44.7045177935349], [12.111205329362235, 44.704501039658524], [12.111284813310144, 44.704479308960934], [12.11135450545523, 44.70443867321303], [12.111374410913559, 44.704390395995986], [12.111354414892679, 44.70432442613086], [12.11132300643579, 44.70430141542116], [12.111262308444308, 44.70428468111472], [12.111184558473436, 44.704287583766295], [12.11110101276465, 44.70429494832094], [12.111026061501835, 44.70430912125307], [12.110981830598552, 44.7043232390401], [12.110965559981127, 44.70433698570891], [12.110955581252135, 44.70437599308377], [12.110963366771697, 44.70440864711234], [12.110975328761981, 44.704427101702414], [12.111014505023705, 44.704472202844684], [12.1110483351894, 44.70449945152794], [12.111107473640944, 44.7045177935349]]]]}}, {"type": "Feature", "properties": {"id": null, "nome": "I.N1", "containment_depth": 0, "elevation_cm": -80}, "geometry": {"type": "MultiPolygon", "coordinates": [[[[12.110310739614931, 44.704447509528364], [12.110379905439004, 44.704426725889576], [12.11042337264933, 44.70437788477124], [12.110435389032158, 44.70430114301655], [12.110454030103048, 44.70426201691672], [12.110458067212344, 44.70422986220574], [12.110500520907662, 44.70403315028839], [12.11051700695824, 44.70395382169593], [12.110491704370107, 44.703933148395734], [12.110463302304044, 44.703919132849435], [12.110384412975721, 44.70390895861733], [12.110239765775313, 44.70391865336729], [12.110172021915075, 44.703922965004494], [12.110106761977724, 44.70390913242168], [12.11004963587206, 44.703918084506896], [12.109999192520316, 44.70392274611828], [12.109977634780652, 44.70395044843749], [12.109978770777936, 44.70399314367805], [12.110009767026225, 44.70405556644266], [12.110017226875359, 44.70410877085899], [12.1100445600672, 44.70427482233818], [12.110084716143037, 44.70433617374259], [12.110152050439439, 44.70436720460476], [12.110179961814712, 44.70439355846986], [12.110233402916286, 44.70442332468575], [12.110310739614931, 44.704447509528364]]]]}}, {"type": "Feature", "properties": {"id": null, "nome": "I.O", "containment_depth": 0, "elevation_cm": -80}, "geometry": {"type": "MultiPolygon", "coordinates": [[[[12.110891019833092, 44.70411781610367], [12.110963724330125, 44.704098578941505], [12.111001563724518, 44.70407371912503], [12.111102294942386, 44.70399702329421], [12.111246485283283, 44.70389284926168], [12.111273530628988, 44.70386006711499], [12.111255137181212, 44.703817842476994], [12.111217859744368, 44.703745731434694], [12.111118076873172, 44.703625203637706], [12.11110441729378, 44.70358531486658], [12.11111662143817, 44.70350577328313], [12.111021999860505, 44.70340186747577], [12.110948411149698, 44.70314669506314], [12.110836998289155, 44.70287365574609], [12.1107375326073, 44.70273750745281], [12.1106760839516, 44.702708781439654], [12.110648474052951, 44.702709534182155], [12.110606348558967, 44.70271889923683], [12.11059103436081, 44.702734106589325], [12.110562625845024, 44.702741454346885], [12.11056341741841, 44.70275622260886], [12.110555357491963, 44.70277780544897], [12.110553181560398, 44.70280169284967], [12.110543656341815, 44.70283892713652], [12.110550852603124, 44.70288720876441], [12.11060770359675, 44.70317406076434], [12.110624360219402, 44.70324837751855], [12.110657263837265, 44.70343235347247], [12.110643576679923, 44.7034779178119], [12.110656261402793, 44.70352111984833], [12.110680670335935, 44.703568110527804], [12.11069229263823, 44.70361298484082], [12.110695986918607, 44.703681903377266], [12.110676452654031, 44.703747346920835], [12.110679399280166, 44.70380231765787], [12.110683401427677, 44.703876979404065], [12.110696035346649, 44.7039407242636], [12.110754078019173, 44.70397036478046], [12.110805042196592, 44.70399691163018], [12.110839365596208, 44.70403541537893], [12.110835995341926, 44.704058513686746], [12.110845229038135, 44.70410180979115], [12.110891019833092, 44.70411781610367]]]]}}, {"type": "Feature", "properties": {"id": null, "nome": "I.M1", "containment_depth": 0, "elevation_cm": -80}, "geometry": {"type": "MultiPolygon", "coordinates": [[[[12.109725482095856, 44.704161287971985], [12.109689257825003, 44.7041840491999], [12.109664028684723, 44.70420774323399], [12.109617138936668, 44.70423572506983], [12.109608726757946, 44.70425074417761], [12.109612082810438, 44.70427037249711], [12.109626437712, 44.70428025198558], [12.109652919922294, 44.70427994105423], [12.109698274551876, 44.70427706160524], [12.109794721314625, 44.70424937234178], [12.109821097223948, 44.70423632857333], [12.109836569527587, 44.70421331126876], [12.109856848709294, 44.70417249730171], [12.109821043270687, 44.704237133940275], [12.109872298998491, 44.70414906976326], [12.109857768216564, 44.70413590846842], [12.109816330334548, 44.704136627081354], [12.10976904866069, 44.70414654319132], [12.109725482095856, 44.704161287971985]]]]}}, {"type": "Feature", "properties": {"id": null, "nome": "I.M", "containment_depth": 0, "elevation_cm": -80}, "geometry": {"type": "MultiPolygon", "coordinates": [[[[12.109859716430769, 44.704118832213204], [12.109883176747205, 44.70410481458169], [12.109876851872672, 44.704063041959714], [12.10987654347242, 44.7040340020675], [12.109918143609974, 44.70398577862491], [12.109943577932075, 44.703963486407574], [12.109956774843457, 44.703930260384325], [12.10998395286078, 44.70389993990077], [12.109977159848377, 44.703837679068705], [12.109933054814903, 44.70381012322963], [12.109885322646226, 44.70377937960586], [12.109812361629714, 44.703772330022026], [12.109755631302452, 44.703788666092784], [12.109723155330752, 44.70378462129166], [12.109669524547247, 44.703794299578114], [12.109617318034452, 44.703814356820466], [12.109589939205073, 44.703878634412625], [12.109589892417926, 44.703927817166665], [12.109595896485537, 44.70392530654675], [12.109618480143507, 44.704002748536496], [12.109648735943775, 44.70402986029525], [12.10970465318623, 44.70406284590585], [12.109769360458339, 44.70410563745192], [12.10982039501936, 44.704122513553905], [12.109859716430769, 44.704118832213204]]]]}}, {"type": "Feature", "properties": {"id": null, "nome": "I.L", "containment_depth": 0, "elevation_cm": -80}, "geometry": {"type": "MultiPolygon", "coordinates": [[[[12.108676842310249, 44.7040074569415], [12.10890033054203, 44.70395692334638], [12.108931393590357, 44.70393358048864], [12.108901744426891, 44.70380700609763], [12.108862000833586, 44.70371031174552], [12.10883957883367, 44.70367887803597], [12.108807609429762, 44.70361976809616], [12.10879293285165, 44.7035823717307], [12.108769140749542, 44.70354686704882], [12.108757519940463, 44.70350199249762], [12.108755630008265, 44.703466712704675], [12.108717169201173, 44.703372448319435], [12.108702668555729, 44.70333833377905], [12.10872561227935, 44.703271976015884], [12.10873225881981, 44.70324550186886], [12.10870997663771, 44.7031951661911], [12.10869746153118, 44.703176609050274], [12.10869091830278, 44.70316199748667], [12.10864535631283, 44.70312872923715], [12.108614618017626, 44.70309259211724], [12.108595156484395, 44.70307340256582], [12.108459598069762, 44.7030376562427], [12.108389960022135, 44.70304571220073], [12.108426880795093, 44.70336070236829], [12.108495811396482, 44.70352468657343], [12.108555105205385, 44.70386247798083], [12.108676842310249, 44.7040074569415]]]]}}, {"type": "Feature", "properties": {"id": null, "nome": null, "containment_depth": 0, "elevation_cm": -80}, "geometry": {"type": "MultiPolygon", "coordinates": [[[[12.108332214542333, 44.70282851889067], [12.108441539435955, 44.70287258416575], [12.108522787419105, 44.70284079093179], [12.108548695120724, 44.70277599576326], [12.10854243256538, 44.70265908013124], [12.108513485025606, 44.702505807935744], [12.108495053997997, 44.70245208065586], [12.108500901735214, 44.70243220154625], [12.108465016864452, 44.702375252320365], [12.108451696843, 44.70232015330019], [12.10832100606855, 44.70231979892946], [12.108268469505518, 44.70238700310326], [12.108288413821423, 44.70262843941653], [12.108314200808822, 44.702764192349825], [12.108332214542333, 44.70282851889067]]]]}}, {"type": "Feature", "properties": {"id": null, "nome": "I.G1", "containment_depth": 0, "elevation_cm": -80}, "geometry": {"type": "MultiPolygon", "coordinates": [[[[12.108664552917935, 44.7023475447226], [12.108627088660445, 44.70237106191684], [12.108598974905469, 44.702411150954774], [12.108597821115607, 44.702442275045755], [12.108620538296277, 44.70245464186159], [12.108697292869637, 44.7024512703279], [12.108908755237284, 44.7023944160276], [12.10894370162532, 44.70235812791095], [12.108960968876731, 44.702308494428806], [12.108914252550319, 44.70229094717002], [12.108873469563013, 44.70229320153591], [12.10875230763757, 44.70231973090904], [12.108664552917935, 44.7023475447226]]]]}}, {"type": "Feature", "properties": {"id": null, "nome": "I.J", "containment_depth": 0, "elevation_cm": -80}, "geometry": {"type": "MultiPolygon", "coordinates": [[[[12.109801474840586, 44.70222544494686], [12.109744518838191, 44.702259041982614], [12.1096984439773, 44.70230220231995], [12.109604909242579, 44.70236267846003], [12.109527113772488, 44.70239437837414], [12.109479313030493, 44.70243758565857], [12.10944916399816, 44.70248770678631], [12.109504042802405, 44.702512093394674], [12.109585014802768, 44.702507421635566], [12.10967196601367, 44.702485332040034], [12.109730581941516, 44.70245045731264], [12.109757543273401, 44.70240535294061], [12.109804222669487, 44.70234122382484], [12.10985169334483, 44.702291862965396], [12.109869498894103, 44.70223714822357], [12.109842559636478, 44.70221816270001], [12.109801474840586, 44.70222544494686]]]]}}, {"type": "Feature", "properties": {"id": null, "nome": "I.G", "containment_depth": 0, "elevation_cm": -80}, "geometry": {"type": "MultiPolygon", "coordinates": [[[[12.108888046758059, 44.70294915769878], [12.108970745068609, 44.70294443933796], [12.109006928731443, 44.70291017623125], [12.108977670412894, 44.7028801613149], [12.108935080071907, 44.70282709241658], [12.108901393107212, 44.702746666191324], [12.108901559356791, 44.702652992657654], [12.108852605705486, 44.702577912350044], [12.108783483742336, 44.702481196783744], [12.108714525064698, 44.702484308166895], [12.108666812751133, 44.702464655867665], [12.10860635031264, 44.7024650707228], [12.108604810830672, 44.70250085478756], [12.108606986271925, 44.70254146758512], [12.108584211996154, 44.7025679703035], [12.108577495644406, 44.702603895412466], [12.108578449546323, 44.70271849070498], [12.108592045123396, 44.7027464674884], [12.108629314762343, 44.70282926116693], [12.108667057573243, 44.70288862468993], [12.108743435107721, 44.7029272157499], [12.108804952864778, 44.702946491856935], [12.108888046758059, 44.70294915769878]]]]}}, {"type": "Feature", "properties": {"id": null, "nome": "I.I", "containment_depth": 0, "elevation_cm": -80}, "geometry": {"type": "MultiPolygon", "coordinates": [[[[12.110406037721216, 44.70236659259254], [12.110437005184457, 44.702363470936525], [12.110467532373566, 44.702335775739016], [12.110497463414312, 44.702289665866694], [12.110528597603228, 44.70221764095985], [12.110521160968606, 44.70212725590862], [12.110519213875895, 44.70199420039815], [12.110549944193163, 44.701938825067735], [12.110552853212072, 44.70187219146296], [12.11051150432601, 44.701826176103104], [12.110466223455969, 44.701779343555586], [12.110422286322029, 44.701733398722915], [12.11036530039217, 44.701709994361956], [12.110301027950761, 44.701744099251854], [12.110286231598469, 44.70178240158], [12.110258279303412, 44.7018654320693], [12.11022073955745, 44.701890488891124], [12.1101928032835, 44.70192545193398], [12.110193685593305, 44.70196609995348], [12.110208152958538, 44.702018394399644], [12.110241572040522, 44.702109919929875], [12.110286243319786, 44.70219374379092], [12.110313652876982, 44.70224568541474], [12.110354689102941, 44.70233423016648], [12.110406037721216, 44.70236659259254]]]]}}, {"type": "Feature", "properties": {"id": null, "nome": "I.B", "containment_depth": 0, "elevation_cm": -80}, "geometry": {"type": "MultiPolygon", "coordinates": [[[[12.10947634285781, 44.699801838825884], [12.109430041689354, 44.699832680361155], [12.109419316985324, 44.69989860258704], [12.109450310337788, 44.69994490057402], [12.109485886943308, 44.69997998125855], [12.109534916461437, 44.69997587194267], [12.109566132910778, 44.69995376077236], [12.109564748236693, 44.69992791627668], [12.109556950642329, 44.69987913742021], [12.10952730084752, 44.69983372721075], [12.109505160332533, 44.699807524016144], [12.10947634285781, 44.699801838825884]]]]}}, {"type": "Feature", "properties": {"id": null, "nome": null, "containment_depth": 0, "elevation_cm": -80}, "geometry": {"type": "MultiPolygon", "coordinates": [[[[12.10974879180297, 44.69857753392927], [12.109719811446071, 44.69850229209796], [12.109673578301681, 44.698443697438684], [12.109610698170572, 44.69841305729057], [12.109540489754023, 44.698414970745766], [12.109483595650577, 44.69845372830472], [12.109447588999249, 44.69854368285968], [12.109485353813428, 44.69865589235829], [12.109579549348911, 44.6990593668136], [12.109617631654054, 44.699262158562476], [12.109698760599374, 44.69942171697972], [12.109762463746272, 44.69959469185158], [12.109858596417764, 44.6996956041732], [12.109984807005794, 44.69972290026884], [12.110105117368121, 44.699682413845], [12.110171158097678, 44.69964502434745], [12.110195133326732, 44.699584516065606], [12.110179913918584, 44.69951213463682], [12.110069254270334, 44.6993517638292], [12.110016932412291, 44.699264216762984], [12.109948973394586, 44.69905415103015], [12.10974879180297, 44.69857753392927]]]]}}, {"type": "Feature", "properties": {"id": null, "nome": null, "containment_depth": 0, "elevation_cm": -80}, "geometry": {"type": "MultiPolygon", "coordinates": [[[[12.107479546175254, 44.70029102784193], [12.1074862170151, 44.70023673135633], [12.107482637952149, 44.700179322649824], [12.107462113611595, 44.70009252608466], [12.107462744406932, 44.700060984018194], [12.107488445058992, 44.700003059445805], [12.107493681235985, 44.69994715953004], [12.10746929450361, 44.69987592613774], [12.107435577762013, 44.69982255441453], [12.10740171893644, 44.69972810221925], [12.107398267413924, 44.699663635128346], [12.107381048761942, 44.69964943109822], [12.107284045746976, 44.699652783059804], [12.107217213248534, 44.69965889268473], [12.10715782669773, 44.69967302111718], [12.107072702737119, 44.69969321232758], [12.107018546374718, 44.69972078180466], [12.10702843816898, 44.699774489156766], [12.107051594073216, 44.69982318830076], [12.107088011383212, 44.699923000792374], [12.10710496711006, 44.699977588155676], [12.107109644197857, 44.70002750542812], [12.107122562621665, 44.70011902128917], [12.107149398599185, 44.700208370828406], [12.107174999801112, 44.700255930967465], [12.107188975651455, 44.700301662923906], [12.107243194448797, 44.70031269753093], [12.107317706688558, 44.70030959589545], [12.107408042747352, 44.70030248863502], [12.107479546175254, 44.70029102784193]]]]}}, {"type": "Feature", "properties": {"id": null, "nome": "I.A", "containment_depth": 0, "elevation_cm": -80}, "geometry": {"type": "MultiPolygon", "coordinates": [[[[12.107724126265762, 44.70021396530926], [12.107787188277879, 44.70030588186281], [12.10787375126153, 44.700346328227795], [12.107864440023523, 44.700207468137464], [12.107885151277682, 44.70010390632483], [12.108005735836624, 44.70007921953566], [12.108240128942054, 44.70004340648739], [12.108424471059246, 44.69998354154124], [12.108500980381184, 44.6999413281499], [12.108517502944718, 44.699864632977736], [12.108563370982694, 44.69970554273595], [12.108554428725176, 44.69953858236655], [12.108549707244562, 44.69945042728896], [12.10854484271144, 44.69935960084354], [12.108497835474955, 44.69928731177717], [12.108413159275575, 44.699212036043605], [12.108271918122053, 44.6992011699384], [12.108140742893797, 44.6992381842042], [12.108085178781096, 44.69932129338766], [12.10802392479614, 44.69940321990523], [12.107873592489446, 44.699432729913546], [12.107733209083895, 44.69943789136114], [12.107623433015787, 44.69945425768254], [12.107536675073739, 44.69955025490063], [12.107509187518122, 44.69966737753557], [12.10752900571155, 44.6998273536101], [12.107557758695435, 44.699979060536585], [12.107644209666747, 44.700122507788876], [12.107724126265762, 44.70021396530926]]]]}}, {"type": "Feature", "properties": {"id": null, "nome": null, "containment_depth": 0, "elevation_cm": -80}, "geometry": {"type": "MultiPolygon", "coordinates": [[[[12.108010624821448, 44.70087096442945], [12.108066957727562, 44.70085471594582], [12.108086127676296, 44.70082744110516], [12.108083903745614, 44.70080342431421], [12.10807797003189, 44.700780177396524], [12.108069275931106, 44.70072289606175], [12.108054336015705, 44.70070658263682], [12.107978882110974, 44.700715994995456], [12.108010624821448, 44.70087096442945]]]]}}, {"type": "Feature", "properties": {"id": null, "nome": "I.E", "containment_depth": 0, "elevation_cm": -80}, "geometry": {"type": "MultiPolygon", "coordinates": [[[[12.108122789966457, 44.70088034424143], [12.108106454057298, 44.700893315172905], [12.108114187498154, 44.70092840483418], [12.108142744541983, 44.70097469400947], [12.108166799264142, 44.70103628876447], [12.108175233922974, 44.7010546580883], [12.108167982192555, 44.70109812700674], [12.108154617151373, 44.70114669691458], [12.108156755834186, 44.70116675604461], [12.10816895113358, 44.70118578206992], [12.108207548343321, 44.70122079008789], [12.10823867225628, 44.70123550471784], [12.108276010982951, 44.70124701344488], [12.108276393019885, 44.701264083840606], [12.108268539671274, 44.701276444134535], [12.108286019031388, 44.701322086121095], [12.10832197120703, 44.70135242148967], [12.108369125358886, 44.70143540215738], [12.108395407777724, 44.701498834037366], [12.108426750141081, 44.70158717990233], [12.108456051679704, 44.70166723074362], [12.108489442393664, 44.70174413358233], [12.10851058755561, 44.701771266349866], [12.108563573519989, 44.701866234394906], [12.108611157215453, 44.70192244333067], [12.108657177450782, 44.70200659348686], [12.10873976514437, 44.702117645932404], [12.108774550110706, 44.70215598399781], [12.108845146485823, 44.70219220756514], [12.108916828784098, 44.70222137939197], [12.108956403498885, 44.7022125197926], [12.109004208023597, 44.70219584445908], [12.109031012210892, 44.702174617108774], [12.109041075999658, 44.70215384591685], [12.109045742401927, 44.70213663795937], [12.10904703741525, 44.702116105709486], [12.109036406648535, 44.70200707826023], [12.108982577148275, 44.701896381127646], [12.108931394014657, 44.70178788929935], [12.108873499241934, 44.701700646646806], [12.108848617132995, 44.70166336728786], [12.108824828892937, 44.70159683096724], [12.108803565395018, 44.70155755513331], [12.10876073285896, 44.701532911199955], [12.108739543501379, 44.70151488944372], [12.108715142811773, 44.70144685149244], [12.10871454089043, 44.70141574287397], [12.108739995955608, 44.701394172775565], [12.108808943785874, 44.70137976823778], [12.108875847059169, 44.70136693766155], [12.108903813541342, 44.701352510990446], [12.108905150980934, 44.70132780227668], [12.108893981215818, 44.701298120331714], [12.108855654594318, 44.70124830181131], [12.108834079561015, 44.70122307868601], [12.108803551414063, 44.701199617797506], [12.108750415352478, 44.701181327775], [12.108659226428223, 44.7011481324352], [12.108520057206992, 44.70108360092635], [12.10846484345298, 44.70104638870539], [12.10842040047935, 44.70101154003488], [12.108374545966734, 44.70098014596276], [12.108361730742544, 44.70097935637206], [12.108341370356191, 44.700986743375644], [12.108325410792421, 44.70097692968027], [12.108315892939832, 44.70095821030333], [12.108300322723387, 44.700945728983505], [12.108288164383564, 44.70093733002069], [12.10824065115561, 44.70091471127083], [12.108215965469475, 44.70090095997096], [12.108197186414516, 44.700888186478636], [12.108183944944313, 44.700879437437656], [12.108153718038224, 44.70087153067789], [12.108122789966457, 44.70088034424143]]]]}}, {"type": "Feature", "properties": {"id": null, "nome": "I.K", "containment_depth": 0, "elevation_cm": -80}, "geometry": {"type": "MultiPolygon", "coordinates": [[[[12.109268415358128, 44.70309164975798], [12.109310890668025, 44.70308973309758], [12.109317281881887, 44.7030500833012], [12.10930400604186, 44.70302083837051], [12.109276824407855, 44.70301019190997], [12.109248329266864, 44.70301476417029], [12.109234260985064, 44.70303033047824], [12.109241078179688, 44.70305823312862], [12.109268415358128, 44.70309164975798]]]]}}, {"type": "Feature", "properties": {"id": null, "nome": "I.F", "containment_depth": 0, "elevation_cm": -80}, "geometry": {"type": "MultiPolygon", "coordinates": [[[[12.108865504488323, 44.70296218674594], [12.108802332743858, 44.70299503302733], [12.108796583817698, 44.7030665494538], [12.108787321319847, 44.70313208844076], [12.108765884726694, 44.70328829758132], [12.108776296523887, 44.70332369378328], [12.108829074356835, 44.70343460943506], [12.108889617628977, 44.70355138664159], [12.108927705764062, 44.703586787848536], [12.108979793757774, 44.70368481673158], [12.108966375027395, 44.703712511651084], [12.108944567807862, 44.70376245039306], [12.10894709271337, 44.70378971086999], [12.1089763864574, 44.703839775477434], [12.109003195925872, 44.70386333764116], [12.10901277474686, 44.70394278701699], [12.109006295033323, 44.70400065872087], [12.10902304400943, 44.704035123068664], [12.109035378891154, 44.704066671108386], [12.109023226088151, 44.70409812727049], [12.109029833281914, 44.70414197772948], [12.10905193053885, 44.70419679329246], [12.109153185149875, 44.70421908595871], [12.10919446959308, 44.70423466216315], [12.109236437602139, 44.704282863025284], [12.10927451954335, 44.704338002090914], [12.109276841562837, 44.7043614723548], [12.109280260221915, 44.704405409689514], [12.109271045660618, 44.70445196873572], [12.10926869602427, 44.7045074504612], [12.109300705595064, 44.704508855594625], [12.109356268837812, 44.70449291761269], [12.109412163847571, 44.70446330592506], [12.109450767709971, 44.70442885141912], [12.109445872969996, 44.70439710066132], [12.109431005763513, 44.70435803021509], [12.109433544636694, 44.704345814679655], [12.109502526289768, 44.7043021816625], [12.109526980269548, 44.704281777398016], [12.109560560497489, 44.70423303598193], [12.109589245880528, 44.70415254380597], [12.10959262431068, 44.70407653707618], [12.10958568494251, 44.70404636034061], [12.109559775857045, 44.70390055118105], [12.109559586392018, 44.703857284990804], [12.109588921528827, 44.70378892144807], [12.10957598394173, 44.703726264884025], [12.109545911173258, 44.70368153568776], [12.109497146067508, 44.703665404335716], [12.1094119171744, 44.70364419352631], [12.10933416931102, 44.70362353792796], [12.109305417197675, 44.70354385193396], [12.109248833496142, 44.7034413908318], [12.109266158892101, 44.70334754366179], [12.10926021533008, 44.703276345849254], [12.109238206441738, 44.70320330839322], [12.109184838616867, 44.70314099439035], [12.109112900332281, 44.70310955227209], [12.108988643475318, 44.703055243046336], [12.108940129748396, 44.70302392167145], [12.108933069044381, 44.702991470758185], [12.108919549753885, 44.70295767753605], [12.108865504488323, 44.70296218674594]]]]}}, {"type": "Feature", "properties": {"id": null, "nome": "I.C", "containment_depth": 0, "elevation_cm": -80}, "geometry": {"type": "MultiPolygon", "coordinates": [[[[12.110193030548281, 44.701554987987585], [12.110213909039842, 44.70158706216229], [12.11029193879254, 44.70161302350957], [12.110373461350912, 44.70158499016565], [12.110394278419673, 44.70155633424001], [12.110397689880982, 44.701500823525066], [12.110410667140533, 44.701445052034124], [12.110430915366194, 44.70140578355371], [12.110448503122603, 44.7013764565065], [12.110426175156588, 44.701277616970756], [12.110432118578478, 44.701229628696055], [12.110436951937418, 44.70120064935293], [12.110409005656628, 44.701155862398934], [12.110390577957894, 44.70112979462144], [12.110395783549182, 44.70108789963635], [12.110417216412136, 44.70105087630258], [12.110470866590505, 44.700999310024066], [12.110448688138057, 44.70094297863462], [12.11039421008693, 44.700780488064225], [12.110373717229885, 44.70069602227375], [12.110373892925692, 44.70065957843508], [12.110373046395784, 44.70062392160993], [12.110380831150334, 44.70057056910947], [12.11037361411933, 44.700515348131496], [12.110325561978906, 44.70045288973102], [12.110289235261515, 44.70041060863865], [12.110270408274658, 44.70035722243596], [12.110264782334477, 44.70031182698591], [12.110237737004178, 44.700263978837086], [12.110213202994943, 44.70016368108786], [12.1102035288662, 44.70012219171985], [12.110179915939622, 44.70007880487206], [12.11017093242019, 44.70005020217292], [12.11015442777995, 44.70002028619779], [12.11013325889237, 44.700002643712935], [12.110095531396821, 44.69999380320437], [12.110024727267604, 44.70000332466634], [12.109995197961549, 44.70004816009025], [12.109968478075276, 44.70012556224607], [12.109949976546872, 44.70019742635722], [12.109946510544944, 44.70029165504629], [12.109935130788315, 44.70045670010057], [12.109901309180863, 44.700500893346494], [12.109847543842852, 44.700530447239416], [12.10979688576836, 44.70055839812195], [12.109771614236305, 44.700583379616994], [12.109795423236628, 44.7007694808119], [12.109865307654275, 44.70082223460253], [12.109935192199313, 44.70087498834638], [12.109930230003453, 44.700921431558456], [12.1099035029398, 44.701018571704054], [12.109925674159093, 44.70109464121398], [12.109989276914808, 44.701228794853996], [12.110070068386017, 44.70130630305949], [12.110193030548281, 44.701554987987585]]]]}}, {"type": "Feature", "properties": {"id": null, "nome": null, "containment_depth": 0, "elevation_cm": -80}, "geometry": {"type": "MultiPolygon", "coordinates": [[[[12.110525290493152, 44.70083309145456], [12.11050509623731, 44.70083364199434], [12.110474165297509, 44.70085232518348], [12.110476650091655, 44.70087882758269], [12.11046895977485, 44.70089422017146], [12.110453927738535, 44.700921579683275], [12.110465054303015, 44.70096037241585], [12.110489916791622, 44.70099727238589], [12.110500907749309, 44.70101367398025], [12.110530969236631, 44.701028416947686], [12.110552842369476, 44.70101947001782], [12.110571184841207, 44.700994297682456], [12.110582760919774, 44.700971966828895], [12.110586267246882, 44.70093808920277], [12.110578755773291, 44.70090716896643], [12.110572405472022, 44.700887983848716], [12.110550034344087, 44.70085784829702], [12.110525290493152, 44.70083309145456]]]]}}, {"type": "Feature", "properties": {"id": null, "nome": "I.H", "containment_depth": 0, "elevation_cm": -80}, "geometry": {"type": "MultiPolygon", "coordinates": [[[[12.10939750569323, 44.701219681936884], [12.109342724125485, 44.70123028461375], [12.109312300241633, 44.70125844300358], [12.109313843505538, 44.70128724852578], [12.109334234064734, 44.70131022639851], [12.109400253562063, 44.701310704667726], [12.10943970832738, 44.70129216904703], [12.1094539861264, 44.70126065491771], [12.109439485358116, 44.701228406791735], [12.10939750569323, 44.701219681936884]]]]}}, {"type": "Feature", "properties": {"id": null, "nome": "I.N", "containment_depth": 0, "elevation_cm": -80}, "geometry": {"type": "MultiPolygon", "coordinates": [[[[12.109906776984596, 44.70313555289842], [12.109835481551096, 44.70313597787315], [12.109795903834298, 44.703152239538674], [12.10978317616594, 44.70319282121307], [12.109796046075951, 44.70321448568489], [12.109837851300773, 44.703259654181984], [12.109825238772464, 44.703322247973965], [12.109864099128112, 44.70337205160617], [12.109945299814393, 44.703457140190096], [12.10994025627182, 44.70350206731194], [12.109913074715761, 44.70361060701628], [12.109904300911145, 44.70368524252761], [12.10983964644144, 44.70375001395203], [12.109773698675678, 44.70377079008818], [12.109667788286012, 44.70379472178918], [12.109616031400687, 44.70381394103529], [12.109591458496704, 44.70392754905883], [12.10962234773653, 44.70401439781759], [12.109695263977136, 44.70406561098704], [12.109686482675768, 44.70418487512147], [12.109625720943475, 44.704230714610844], [12.10960818235373, 44.70425734200094], [12.109627497256648, 44.704280366416036], [12.109710201867447, 44.70427431658682], [12.109826479732734, 44.70423926320282], [12.10987028932607, 44.70416291360645], [12.109881777881816, 44.70403961872855], [12.109944760330592, 44.703963505658805], [12.109974210254828, 44.70391715413924], [12.110018662772006, 44.70387267111396], [12.110123240997424, 44.70385767414275], [12.11017160676377, 44.70384648683568], [12.110226275309138, 44.70381387159283], [12.110273509998683, 44.70376172116084], [12.11031338550342, 44.70371128961698], [12.110320717095588, 44.70366933669283], [12.110328778722758, 44.70352184249192], [12.11033198711644, 44.70346254159516], [12.110326198180147, 44.703414114022806], [12.110298413335501, 44.70337235924011], [12.110272213010399, 44.70336016797385], [12.110220124208206, 44.70338132571852], [12.11019355164551, 44.70338205007343], [12.110171690815296, 44.70335152097349], [12.110170634530611, 44.703331811955216], [12.110216684121452, 44.703277416408866], [12.110256146503717, 44.70323914248956], [12.110292216998639, 44.70319716528711], [12.110293943097783, 44.703169788954895], [12.110281363991502, 44.70313369282613], [12.110243059039275, 44.70313397787215], [12.11016758665962, 44.70315577302303], [12.11011795543545, 44.70316319909067], [12.110060355785548, 44.70316097343593], [12.109995606894833, 44.70314451883792], [12.109906776984596, 44.70313555289842]]]]}}, {"type": "Feature", "properties": {"id": null, "nome": null, "containment_depth": 0, "elevation_cm": -80}, "geometry": {"type": "MultiPolygon", "coordinates": [[[[12.109192139175311, 44.704140465899215], [12.109163245825407, 44.70412771880955], [12.109140358165368, 44.70412175817829], [12.109115907726625, 44.70413449571733], [12.109096989923918, 44.70415476420141], [12.109091450560515, 44.70416625481951], [12.10909644475665, 44.704192456031315], [12.109104042298306, 44.704209807201394], [12.109124114736924, 44.704211089208485], [12.10915916084331, 44.70420464725862], [12.109191903852397, 44.70419351271252], [12.109198487105601, 44.70418235943878], [12.109201054629242, 44.704163268087], [12.10920133529417, 44.70414936019575], [12.109192139175311, 44.704140465899215]]]]}}, {"type": "Feature", "properties": {"id": null, "nome": null, "containment_depth": 0, "elevation_cm": -80}, "geometry": {"type": "MultiPolygon", "coordinates": [[[[12.109235285404832, 44.70412246352048], [12.109213934244547, 44.70411646103287], [12.109200089476627, 44.70410696182445], [12.109187820357414, 44.70409815126878], [12.109155475496634, 44.70409756949635], [12.109121845185495, 44.704111288782116], [12.109099952230704, 44.70413346731889], [12.109083552766295, 44.70416244627733], [12.109087343135684, 44.70419489882314], [12.109097720143422, 44.70420668731608], [12.109111271373115, 44.70421070759773], [12.10915382053625, 44.70421027972148], [12.109199602614188, 44.70420317940474], [12.109245133594722, 44.70418181987353], [12.109283967209763, 44.704159911245156], [12.109284600129824, 44.70415257807987], [12.10926953529792, 44.70413945416973], [12.109236446734688, 44.70412499244418], [12.109235285404832, 44.70412246352048]]]]}}, {"type": "Feature", "properties": {"id": null, "nome": null, "containment_depth": 0, "elevation_cm": -80}, "geometry": {"type": "MultiPolygon", "coordinates": [[[[12.108639875131955, 44.703906224198114], [12.108809359684999, 44.7039103854396], [12.108857268515408, 44.703904690495705], [12.108907317837382, 44.70386235761931], [12.108899619959423, 44.703795260929176], [12.108847576451932, 44.70368547705065], [12.108805762781465, 44.70361345718569], [12.108777023825654, 44.70355571289516], [12.108758919528656, 44.703504994755086], [12.108755664557764, 44.70346338271006], [12.108722241433528, 44.703394792155805], [12.10870366764274, 44.70333530769615], [12.10870860044757, 44.70331249394913], [12.108735292511975, 44.70325543411488], [12.108702619933815, 44.7031817019604], [12.108692227065303, 44.70316003737231], [12.10863775621896, 44.703119820748725], [12.108602669236276, 44.703077612795404], [12.108477303649513, 44.70304005922104], [12.108402660056669, 44.70305823482274], [12.108410348394752, 44.703089481982516], [12.108471549519496, 44.70333374817798], [12.108501637461796, 44.70349019129433], [12.108568629439867, 44.703826895209694], [12.108639875131955, 44.703906224198114]]]]}}, {"type": "Feature", "properties": {"id": null, "nome": null, "containment_depth": 0, "elevation_cm": -80}, "geometry": {"type": "MultiPolygon", "coordinates": [[[[12.109014215530319, 44.70391417701891], [12.109015932709212, 44.703946228815724], [12.109028627058022, 44.7039569939558], [12.109066589393231, 44.70395472494655], [12.109121129067685, 44.703949535071565], [12.109151160634081, 44.70393925173986], [12.109155491460713, 44.70391238490021], [12.109167694521023, 44.70387090032641], [12.109214054187154, 44.703809966545194], [12.109233057576903, 44.70377693857709], [12.109227596961746, 44.70373963903027], [12.109207222147004, 44.70363937176904], [12.109208609725485, 44.70360065104103], [12.109223422439811, 44.703510947460025], [12.10924238223037, 44.703412488935925], [12.109239886871725, 44.70338745419328], [12.10925129020513, 44.703287967025936], [12.109250395052946, 44.703249720023045], [12.109236310048528, 44.703223766548724], [12.109206419722886, 44.703180136882445], [12.109150039031636, 44.703129410191906], [12.109102755866493, 44.70310847655713], [12.10900573516968, 44.70308272540321], [12.108950623928443, 44.703077231266754], [12.108895332762287, 44.703079149373536], [12.108857102996268, 44.70308718689817], [12.108811158918911, 44.703102018930466], [12.10879088921771, 44.703143723262684], [12.108777488564927, 44.70324902609266], [12.108774328124737, 44.70328697208153], [12.108780808676054, 44.70332177473984], [12.108817579426567, 44.703396904114506], [12.108863041357578, 44.703491549640674], [12.10888565130508, 44.70353661233188], [12.108939689665501, 44.70360016010723], [12.108981908204814, 44.70365579952478], [12.108997982145024, 44.70369733660716], [12.10899277066391, 44.70370776662347], [12.108960852720443, 44.703725920201826], [12.108943775875746, 44.70376259931283], [12.108952671414128, 44.703799393756476], [12.108989286158891, 44.703847366977676], [12.109007580648885, 44.70387649793937], [12.109014215530319, 44.70391417701891]]]]}}, {"type": "Feature", "properties": {"id": null, "nome": null, "containment_depth": 0, "elevation_cm": -80}, "geometry": {"type": "MultiPolygon", "coordinates": [[[[12.108825033114918, 44.702695881765905], [12.108804170268234, 44.702661882505716], [12.10877584304152, 44.70261779861254], [12.108764070820497, 44.7025703829988], [12.108750970176361, 44.70251971141521], [12.108735329303345, 44.70250779196347], [12.108688329080483, 44.70250289974243], [12.10864755283782, 44.70250647985397], [12.108637045769404, 44.70251499653579], [12.108638784667852, 44.70254745927262], [12.108635800241023, 44.70258869262885], [12.10859947795665, 44.70265387943648], [12.108589671326328, 44.70268624521493], [12.10859489704164, 44.702697625410586], [12.108583427909032, 44.702731271045046], [12.108600723543095, 44.70276330993346], [12.108660972150085, 44.702778540757656], [12.108727430511586, 44.702780433702436], [12.108797393803355, 44.70277235461908], [12.108829861614673, 44.70276447411279], [12.108836625473797, 44.70275070964098], [12.108836101002602, 44.702730147910295], [12.108825033114918, 44.702695881765905]]]]}}, {"type": "Feature", "properties": {"id": null, "nome": null, "containment_depth": 0, "elevation_cm": -80}, "geometry": {"type": "MultiPolygon", "coordinates": [[[[12.108618489109341, 44.70195850919382], [12.108665731006745, 44.701967921584725], [12.108705288500849, 44.701963140111665], [12.108776322821777, 44.7019319867134], [12.108809212254886, 44.70192121408125], [12.108867610970922, 44.70190192748342], [12.108914027869117, 44.70186362587653], [12.108928711521768, 44.701825365890144], [12.108923831352845, 44.70177735097102], [12.108854817932654, 44.70167388220174], [12.108802230097469, 44.70161852525676], [12.108788119855216, 44.701602860421104], [12.108763058635546, 44.70159819349602], [12.108728888846715, 44.70159583234494], [12.108717967607637, 44.70158584189804], [12.108721828539668, 44.701571745004955], [12.108744482767445, 44.70155302085404], [12.108734827788465, 44.70153435397714], [12.108717884663433, 44.70150888982719], [12.10870747744916, 44.70148695127968], [12.108709295225937, 44.70142393911693], [12.108723688901684, 44.701391036822095], [12.108747165216899, 44.70136611746386], [12.108760982696609, 44.701333230863526], [12.108768550431504, 44.70130216062948], [12.108772525258557, 44.701279418700445], [12.108742954550465, 44.70124442212311], [12.108707288232205, 44.701214118346584], [12.108615371914118, 44.70114625268487], [12.10858218253899, 44.70112987308035], [12.108445900075166, 44.701038936327656], [12.108410696219813, 44.70101726178872], [12.10836123640956, 44.70098527608534], [12.108346876462992, 44.70098649033754], [12.108328835533944, 44.70099438919723], [12.108318600678743, 44.70098643761459], [12.108319228757889, 44.700965844478084], [12.10830704535616, 44.700953830773265], [12.108229767997914, 44.70091149178308], [12.108175985204952, 44.700884973532645], [12.108146667185945, 44.70088700676179], [12.108130442757432, 44.700896502188186], [12.108122970723771, 44.700907816789574], [12.108140067448858, 44.700936157489586], [12.108170505970794, 44.701019690005374], [12.108192160064313, 44.701068482572566], [12.108233623706795, 44.701120850687246], [12.108288879172314, 44.701150620954124], [12.108347881709376, 44.7011749393454], [12.108360039217212, 44.701197241763566], [12.108360181448683, 44.70123221713153], [12.108365711150391, 44.701260049878385], [12.108358107069956, 44.7012688989691], [12.108314586855856, 44.70126432330611], [12.108300094791158, 44.701263072028674], [12.10828763932177, 44.701267526554204], [12.108272919262587, 44.70128356534556], [12.108294027304977, 44.70131138522206], [12.108369884890038, 44.70135952413255], [12.108387536032708, 44.70138743816892], [12.108386485879901, 44.70141092344697], [12.108406469991465, 44.70148239509401], [12.108428266759395, 44.701566162967715], [12.108458816119525, 44.701651749982176], [12.108498018091606, 44.70173998189519], [12.108618489109341, 44.70195850919382]]]]}}, {"type": "Feature", "properties": {"id": null, "nome": "I.R", "containment_depth": 0, "elevation_cm": -80}, "geometry": {"type": "MultiPolygon", "coordinates": [[[[12.113700260393825, 44.70145903835649], [12.113650906043965, 44.70144439780385], [12.113544431406817, 44.701479278280324], [12.113536379900568, 44.701538118574646], [12.113554585426701, 44.701598906917376], [12.113610382670858, 44.70166399855149], [12.11365916620884, 44.70166799641176], [12.113762767011169, 44.701649181687955], [12.113776851992426, 44.701563531002805], [12.113761948600402, 44.70149465886266], [12.113700260393825, 44.70145903835649]]]]}}, {"type": "Feature", "properties": {"id": null, "nome": "II.F", "containment_depth": 0, "elevation_cm": -80}, "geometry": {"type": "MultiPolygon", "coordinates": [[[[12.111231289137512, 44.70545063742172], [12.11123509553256, 44.7054954982542], [12.111250798189198, 44.705527044910376], [12.111285873980574, 44.70555406642424], [12.111314765013942, 44.70557026522787], [12.111355873290874, 44.70557913636783], [12.111404841065292, 44.705577801025136], [12.111447784521118, 44.70556863623582], [12.111485888721104, 44.70554761283342], [12.11149413075334, 44.70551841086273], [12.111491126661884, 44.705488516368725], [12.111489307649283, 44.70545459270076], [12.111460264211129, 44.70540942089297], [12.111406136377179, 44.7053929111236], [12.111336075640285, 44.70539282323404], [12.111284577352183, 44.70539922362141], [12.111231289137512, 44.70545063742172]]]]}}, {"type": "Feature", "properties": {"id": 1, "nome": null, "containment_depth": 0, "elevation_cm": -80}, "geometry": {"type": "MultiPolygon", "coordinates": [[[[12.110881098967273, 44.709129346475954], [12.110979192040705, 44.709166214864254], [12.111078322124788, 44.709047189630084], [12.11092316145928, 44.70854351263978], [12.11086929722951, 44.708274331499155], [12.110894296978866, 44.70823498561421], [12.110966632481631, 44.70815919974366], [12.110966965425341, 44.70815391826705], [12.110833204335481, 44.708003347689335], [12.11082355266676, 44.70799570224411], [12.11077485999237, 44.70798384884063], [12.110699881278574, 44.70796436411391], [12.110629851566486, 44.70793376024808], [12.110508038434306, 44.70793708120488], [12.11045948325714, 44.70793928364769], [12.110347878636967, 44.707983626586824], [12.110298929347216, 44.70810490803997], [12.110302327192219, 44.70813381360548], [12.110317493305356, 44.70820984994896], [12.11040666561726, 44.708241250254964], [12.110398316085622, 44.70830386792193], [12.110330160077675, 44.70833120917644], [12.110330145098766, 44.708376903704206], [12.110368105587924, 44.708429910954514], [12.110459954556864, 44.70845376901846], [12.110584769676823, 44.70860985631746], [12.110695062183982, 44.708951861925314], [12.110766405758987, 44.70905866001143], [12.110881098967273, 44.709129346475954]]]]}}, {"type": "Feature", "properties": {"id": null, "nome": null, "containment_depth": 1, "elevation_cm": -70}, "geometry": {"type": "MultiPolygon", "coordinates": [[[[12.110158175893396, 44.70430952158816], [12.110206003728855, 44.70432054270137], [12.110247419742437, 44.70431941371382], [12.110326272724077, 44.70430740427158], [12.110385707112092, 44.704277026019994], [12.110386864619919, 44.70425563136344], [12.110415038252363, 44.70415790770014], [12.110430022195185, 44.70407204680869], [12.110417652387522, 44.7040132246672], [12.110390583707648, 44.70398109628173], [12.110322985902405, 44.70394514279562], [12.110247591842937, 44.7039356948436], [12.110172725476529, 44.70393609235063], [12.11012555754656, 44.70393737810139], [12.11009228280543, 44.70393992844147], [12.110038432097191, 44.70394550460742], [12.110027763161998, 44.70396140691909], [12.110021117152835, 44.703987881124604], [12.110038000370615, 44.7040449369675], [12.110053418195609, 44.704117644249095], [12.110073914341026, 44.70422061443869], [12.110106991852666, 44.70427887215432], [12.110158175893396, 44.70430952158816]]]]}}, {"type": "Feature", "properties": {"id": null, "nome": null, "containment_depth": 1, "elevation_cm": -70}, "geometry": {"type": "MultiPolygon", "coordinates": [[[[12.11019993655782, 44.70433631958656], [12.11029356945715, 44.704320620642555], [12.110372818213168, 44.704315995298955], [12.110401007633868, 44.70430454527376], [12.110413463801098, 44.70423600810917], [12.110437563336607, 44.70414825539853], [12.110459720783549, 44.704045765786596], [12.110445138030093, 44.703988647292164], [12.11040289378159, 44.7039528243299], [12.110346617384282, 44.703934638692985], [12.110276887572198, 44.70392339303307], [12.110149189063348, 44.70392687403875], [12.110083702087081, 44.70393030244521], [12.110021659208218, 44.703955000037816], [12.110012668349706, 44.70398071650067], [12.110024817886952, 44.70403543640188], [12.110028921566103, 44.70406901251303], [12.11004601029128, 44.70417289724532], [12.110058159909965, 44.704227617139395], [12.11008778607752, 44.70428596893799], [12.110129407617807, 44.70433166888295], [12.11019993655782, 44.70433631958656]]]]}}, {"type": "Feature", "properties": {"id": null, "nome": null, "containment_depth": 1, "elevation_cm": -70}, "geometry": {"type": "MultiPolygon", "coordinates": [[[[12.109551765565122, 44.702498545611526], [12.109575748130796, 44.702493568416585], [12.109595717562371, 44.702479693137725], [12.109632314748687, 44.70246500437805], [12.109657171259284, 44.70245748126011], [12.109687907728604, 44.70244655519568], [12.109708224123628, 44.702439155807085], [12.109712301547013, 44.702430397521034], [12.109701360975954, 44.70242421034097], [12.109688225856821, 44.702424208040554], [12.109643210421888, 44.70243264088764], [12.109603178456405, 44.70244922475375], [12.10958909225191, 44.70245032925739], [12.109564274289266, 44.70245857190619], [12.109540269209518, 44.70247255716575], [12.109534890437537, 44.70248531419156], [12.109537894646275, 44.70249423976943], [12.109551765565122, 44.702498545611526]]]]}}, {"type": "Feature", "properties": {"id": null, "nome": null, "containment_depth": 1, "elevation_cm": -70}, "geometry": {"type": "MultiPolygon", "coordinates": [[[[12.108627883818693, 44.70239342828806], [12.108626811285843, 44.70240169932991], [12.108630429343819, 44.702416192828416], [12.108637262037124, 44.70243411164868], [12.10864408410067, 44.70244122181384], [12.108666026667832, 44.70244413687636], [12.10869355891481, 44.70244176538865], [12.108720568276802, 44.70243670590498], [12.108739502365513, 44.7024294344266], [12.108749894848401, 44.70242185522878], [12.108754213444422, 44.70241052328149], [12.108754531808824, 44.702395246973275], [12.108748473648237, 44.70238825111267], [12.108738195914823, 44.70238028932641], [12.108720946504288, 44.702376570846994], [12.108691581667388, 44.70237656025996], [12.108659523805079, 44.70237932527539], [12.10864384303359, 44.70238367075354], [12.108632920438302, 44.70238842703711], [12.108627883818693, 44.70239342828806]]]]}}, {"type": "Feature", "properties": {"id": null, "nome": null, "containment_depth": 1, "elevation_cm": -70}, "geometry": {"type": "MultiPolygon", "coordinates": [[[[12.108801838780462, 44.70233410347315], [12.108763580412738, 44.70234136104162], [12.10870858574918, 44.70235447907351], [12.108689128800231, 44.70235906255665], [12.10863323910512, 44.702385343283964], [12.108623574949842, 44.70239164222321], [12.108621775511928, 44.70241071263929], [12.108623334419201, 44.70243024024916], [12.10862987963034, 44.70244231608502], [12.108655239293917, 44.702446563386914], [12.108688341683347, 44.7024469417644], [12.10870125485556, 44.70244384645966], [12.108758830072379, 44.70242234185565], [12.108786470211129, 44.702411712256854], [12.108816344835754, 44.702404496829196], [12.108850553187057, 44.70239679751419], [12.108877767490192, 44.702392580925284], [12.108896601452637, 44.70238511761616], [12.108911093595934, 44.70237320016105], [12.108909165792113, 44.70236593677108], [12.108905711314225, 44.702358897877986], [12.108880906369773, 44.7023458564141], [12.108865740871604, 44.70234041690516], [12.10884526625826, 44.702336402340514], [12.108825382066938, 44.70233383486852], [12.108801838780462, 44.70233410347315]]]]}}, {"type": "Feature", "properties": {"id": null, "nome": null, "containment_depth": 1, "elevation_cm": -70}, "geometry": {"type": "MultiPolygon", "coordinates": [[[[12.109355282759248, 44.70403919385521], [12.109305701155273, 44.70404861084283], [12.109251837875751, 44.704058528575096], [12.10922020833445, 44.70407129716683], [12.109207979819622, 44.70408430523047], [12.109212693006302, 44.70409185850581], [12.109247226981191, 44.70411319439124], [12.109280565625943, 44.70412227209934], [12.109358567246096, 44.7041105442796], [12.10940111670112, 44.704100550741074], [12.109437524549433, 44.70408649962022], [12.109440196346393, 44.70407605649345], [12.109436394281301, 44.70406540571165], [12.109422419047888, 44.704045814119745], [12.109403000944686, 44.70403520482803], [12.10938570992408, 44.704034139706735], [12.109355282759248, 44.70403919385521]]]]}}, {"type": "Feature", "properties": {"id": null, "nome": null, "containment_depth": 1, "elevation_cm": -70}, "geometry": {"type": "MultiPolygon", "coordinates": [[[[12.109211385385098, 44.703987038752786], [12.109181454905208, 44.70399131114845], [12.109177563673558, 44.70399909889974], [12.109183746335033, 44.70400392353283], [12.109190011192148, 44.70401028226835], [12.10921257721483, 44.704009283243224], [12.109227289101693, 44.703992366648215], [12.109221520920242, 44.703985226208545], [12.109211385385098, 44.703987038752786]]]]}}, {"type": "Feature", "properties": {"id": null, "nome": null, "containment_depth": 1, "elevation_cm": -70}, "geometry": {"type": "MultiPolygon", "coordinates": [[[[12.10911188307493, 44.704040230054225], [12.109102745696449, 44.70403243153728], [12.109078024674636, 44.704030544606724], [12.109065021432217, 44.70403675167305], [12.109053789521257, 44.70404730002069], [12.109056523118126, 44.70406002838737], [12.109062470072466, 44.70406571907016], [12.109082679447088, 44.70406955792426], [12.109098005339815, 44.704068408706455], [12.109109335094725, 44.704059686667584], [12.10911566058891, 44.704053295768716], [12.10911188307493, 44.704040230054225]]]]}}, {"type": "Feature", "properties": {"id": null, "nome": null, "containment_depth": 1, "elevation_cm": -70}, "geometry": {"type": "MultiPolygon", "coordinates": [[[[12.109011596875698, 44.7019615840144], [12.10900032711833, 44.701934319232386], [12.108979276898898, 44.70192913153927], [12.108940339649328, 44.70193471924778], [12.108855525256288, 44.701956371732344], [12.108836797876803, 44.701962231773514], [12.108821343704054, 44.701986109525905], [12.108829636802632, 44.70203320841386], [12.10884791906041, 44.702094438337134], [12.108866921125198, 44.70212601917117], [12.108883314189146, 44.70214121027347], [12.108917220147617, 44.7021386403213], [12.108958440200583, 44.702132578897285], [12.108982353146144, 44.70212657753614], [12.109003653217838, 44.70211488608167], [12.109012787685803, 44.70210229156315], [12.109024740765221, 44.70207768614598], [12.10903314495758, 44.702062230881936], [12.109031934198809, 44.70203963024889], [12.109023541444467, 44.702022986605435], [12.109024925354026, 44.70199496550379], [12.109011596875698, 44.7019615840144]]]]}}, {"type": "Feature", "properties": {"id": null, "nome": null, "containment_depth": 1, "elevation_cm": -70}, "geometry": {"type": "MultiPolygon", "coordinates": [[[[12.108895357022137, 44.701835533948305], [12.108894854568799, 44.70181538313608], [12.108889408758412, 44.701799893745346], [12.108861100092694, 44.70176692041547], [12.108836090519297, 44.701741676075635], [12.108821249986391, 44.701723150499575], [12.108811995021385, 44.70170118056651], [12.108798794955188, 44.701680964207306], [12.108781135800495, 44.701674449519075], [12.108759487517384, 44.70166886656005], [12.10874858440397, 44.70166998667526], [12.10874144644095, 44.701676765488564], [12.10873973608919, 44.70168792314277], [12.108739332147813, 44.70170192584505], [12.108734538996355, 44.70172016334304], [12.108724674277058, 44.70172989709329], [12.10870628099711, 44.70173122128488], [12.108684698732198, 44.70172687107435], [12.108644767212356, 44.701724666882825], [12.108611991799243, 44.70172679443114], [12.108585022061591, 44.70172958683402], [12.10855811835159, 44.70173361199303], [12.108542275743154, 44.70172869385785], [12.10851945311863, 44.701722731327514], [12.108506245326252, 44.70172391420973], [12.108502982509028, 44.7017384063204], [12.108518839311564, 44.70176513465955], [12.108586490150255, 44.70189703566783], [12.108620090407458, 44.70194262202768], [12.10866008811057, 44.70194605898587], [12.108702372349821, 44.701938322577874], [12.108722740193564, 44.70193077178007], [12.108758180298295, 44.70191375685888], [12.108796079135185, 44.70189955557658], [12.108834554120197, 44.701885338583104], [12.108874049344632, 44.70186862465452], [12.10888761703933, 44.70185261718616], [12.108895357022137, 44.701835533948305]]]]}}, {"type": "Feature", "properties": {"id": null, "nome": null, "containment_depth": 1, "elevation_cm": -70}, "geometry": {"type": "MultiPolygon", "coordinates": [[[[12.107385019059432, 44.700019279713985], [12.107372330044141, 44.69999781470462], [12.107333754187206, 44.69998857728154], [12.107286263801242, 44.699996043445324], [12.107237062791734, 44.70001466723087], [12.107187207091085, 44.70006417286691], [12.107163097913004, 44.70012038470524], [12.107165790152319, 44.7001491178276], [12.107190129977292, 44.70018343423176], [12.10721500614805, 44.70020621344842], [12.107241531112013, 44.70020590260596], [12.107313822326004, 44.700187473021884], [12.107360384703584, 44.70017344779152], [12.107380980401924, 44.70014860716323], [12.10738632802911, 44.7001299430969], [12.10738383782169, 44.70009420862786], [12.107386686971573, 44.700061209386824], [12.107385019059432, 44.700019279713985]]]]}}, {"type": "Feature", "properties": {"id": null, "nome": null, "containment_depth": 1, "elevation_cm": -70}, "geometry": {"type": "MultiPolygon", "coordinates": [[[[12.10771977959211, 44.70019637517331], [12.107735929756357, 44.700207046334825], [12.107760095098374, 44.70020577084102], [12.107760905504627, 44.700172415601905], [12.107747525246797, 44.700132656797976], [12.107734943224365, 44.700091641688395], [12.107730766327709, 44.70006212597706], [12.10773698702627, 44.70004899364128], [12.107752378040262, 44.70004548801873], [12.107767960987148, 44.700061730153365], [12.107777659395255, 44.7000812189742], [12.107819835300806, 44.700093033070466], [12.107890167579994, 44.700097290109895], [12.107943023372703, 44.70008227017274], [12.108021745877853, 44.70004926173339], [12.108072708101437, 44.70003120691313], [12.108137326830583, 44.70002574294758], [12.108192637143306, 44.7000242362088], [12.10822029229804, 44.70002348282939], [12.108307929944637, 44.70001553983994], [12.108379303282447, 44.69999075601607], [12.108431564625864, 44.6999646409916], [12.108441545061947, 44.69994091241284], [12.108504980783895, 44.69985276483373], [12.108528223913378, 44.69973731734241], [12.108537648946072, 44.699687060808984], [12.10855108846494, 44.69956632487995], [12.108533692096044, 44.69941926870967], [12.10848975753903, 44.69930997240822], [12.108467365856367, 44.69927971840885], [12.108359291119582, 44.699233280295104], [12.108303552442313, 44.69922677413257], [12.10825342816491, 44.69922813964538], [12.108208384143055, 44.69924356420116], [12.108157746726802, 44.699283832347874], [12.108118878147454, 44.699317607066945], [12.108079370342683, 44.69937176945533], [12.108045410834317, 44.699432570781305], [12.108015361352756, 44.69943709302554], [12.107897113928445, 44.699439079489906], [12.1078459211202, 44.699452819547226], [12.107703799528306, 44.699477678222934], [12.107629773984993, 44.69948524999752], [12.107574667896477, 44.69951884950677], [12.107556474023186, 44.69955082636566], [12.107537213912028, 44.69967604167493], [12.107556212684448, 44.69988539971819], [12.10757466677327, 44.69995526711543], [12.107630132133108, 44.7000698052273], [12.10771977959211, 44.70019637517331]]]]}}, {"type": "Feature", "properties": {"id": null, "nome": null, "containment_depth": 1, "elevation_cm": -70}, "geometry": {"type": "MultiPolygon", "coordinates": [[[[12.10948627084026, 44.699869852753224], [12.109459012064445, 44.699878003007825], [12.109455642990175, 44.699912045271624], [12.109470125356127, 44.699940045503446], [12.10949850694789, 44.69995285219463], [12.109526470466236, 44.699925547017685], [12.109508933089822, 44.69988898812042], [12.109495981021174, 44.699857242502695], [12.10948627084026, 44.699869852753224]]]]}}, {"type": "Feature", "properties": {"id": null, "nome": null, "containment_depth": 1, "elevation_cm": -70}, "geometry": {"type": "MultiPolygon", "coordinates": [[[[12.10998355197406, 44.6994995108487], [12.10995388793534, 44.69944661597641], [12.10993166609017, 44.69940339473808], [12.109904022303494, 44.69937204961707], [12.109828588210325, 44.699321019529016], [12.10979741607814, 44.69930458529229], [12.109790056413543, 44.69934490914418], [12.109796980961718, 44.699409534902976], [12.109817424647215, 44.69950033526098], [12.109837213406065, 44.699562758545014], [12.10985438758423, 44.69959253720304], [12.109876917730494, 44.69960920697482], [12.109930493620105, 44.69962379596911], [12.109956915521858, 44.69963233499585], [12.109986931896328, 44.69962719586093], [12.110009913385852, 44.699587680744784], [12.10998355197406, 44.6994995108487]]]]}}, {"type": "Feature", "properties": {"id": null, "nome": null, "containment_depth": 1, "elevation_cm": -70}, "geometry": {"type": "MultiPolygon", "coordinates": [[[[12.110905107630742, 44.70366302323653], [12.110815899022896, 44.70368212210627], [12.110741475214846, 44.70369850300924], [12.110702029778611, 44.703713467263185], [12.110687439227789, 44.703731920512986], [12.110692357473507, 44.703787341672324], [12.1107006654574, 44.703845448176274], [12.11069740873248, 44.70389368484902], [12.110706921875474, 44.703925832712095], [12.110772127625566, 44.70396757320778], [12.110808894340108, 44.70398740399456], [12.110854186942934, 44.70400885415128], [12.110852346789132, 44.704071403976464], [12.110865030646973, 44.70409003952411], [12.110896041789678, 44.70409937912064], [12.110924240925032, 44.704092591766766], [12.110955705892628, 44.7040861783199], [12.110976725124791, 44.70407866079988], [12.110991864742362, 44.70405834070117], [12.11100341633495, 44.70403163698786], [12.111016037438791, 44.70401277443801], [12.111037333099405, 44.703998304963605], [12.111053021752872, 44.70397611804452], [12.111064268216488, 44.70396794106057], [12.111122164831215, 44.70394599211913], [12.111215859714141, 44.70389251160706], [12.111237952197078, 44.70388079812931], [12.1112500489081, 44.70386426465471], [12.111255415680036, 44.703843285091764], [12.111241216087336, 44.70380848730491], [12.111219135070005, 44.70378408955914], [12.111190695917085, 44.70376217998582], [12.111104539789054, 44.7036686964664], [12.111070926622345, 44.703610817032114], [12.111062936646347, 44.70357075733894], [12.111041469848818, 44.70349726900525], [12.111006053213314, 44.70346629043007], [12.110954845257355, 44.703428335045345], [12.1109321984064, 44.70338126760964], [12.110880360119074, 44.70324981136948], [12.110830636247847, 44.70313357514866], [12.11078851360827, 44.70302592790853], [12.110753299910137, 44.70294725879283], [12.110703622211448, 44.70284398414596], [12.110687421204767, 44.70283238887483], [12.110662318895285, 44.70282427700568], [12.110649354946693, 44.70282463044757], [12.110644413214441, 44.702841431752525], [12.110646309375987, 44.70291313892821], [12.11065925480335, 44.703045655642086], [12.110670958576339, 44.703239779943004], [12.110676648839938, 44.70329749486066], [12.110732795936997, 44.7033640192569], [12.110791053431612, 44.70345780075086], [12.110777974589078, 44.70350445338253], [12.110748074992392, 44.7035279536376], [12.110721664201666, 44.703555988370084], [12.110698345734612, 44.70358116102532], [12.110705022112468, 44.703596719655835], [12.110841640987848, 44.703602254021284], [12.110918455332717, 44.7035941411605], [12.110948091584355, 44.70361416632061], [12.110956114009527, 44.70363061415575], [12.110954413343121, 44.70364732710119], [12.110905107630742, 44.70366302323653]]]]}}, {"type": "Feature", "properties": {"id": null, "nome": null, "containment_depth": 1, "elevation_cm": -70}, "geometry": {"type": "MultiPolygon", "coordinates": [[[[12.110418060374014, 44.70232434158233], [12.110466476339043, 44.70230114680393], [12.110472151784329, 44.70227078390872], [12.110496229321773, 44.702229502724826], [12.110511389008142, 44.70218533967262], [12.11049252102926, 44.702078562956295], [12.110484698315922, 44.70198711003791], [12.110457786700833, 44.701948260573545], [12.110460712526038, 44.70192109762036], [12.110451032259084, 44.701849486900215], [12.110439819868922, 44.70183104266669], [12.110423173038647, 44.701792955020196], [12.110391886308047, 44.70175422481091], [12.110350548901934, 44.70174597675673], [12.110327149428485, 44.701772656171315], [12.110327307617482, 44.701802860033226], [12.110330039132073, 44.7018538269682], [12.110321335308367, 44.701882189090725], [12.110310439318837, 44.70192415256701], [12.110284624615353, 44.70196027276284], [12.110289771252454, 44.70200179891072], [12.110291833813458, 44.70204028414742], [12.110287273187947, 44.702091449867225], [12.110317259812167, 44.70216042371797], [12.110346791515608, 44.702248159861874], [12.110374149183164, 44.7022953304801], [12.110418060374014, 44.70232434158233]]]]}}, {"type": "Feature", "properties": {"id": null, "nome": null, "containment_depth": 1, "elevation_cm": -70}, "geometry": {"type": "MultiPolygon", "coordinates": [[[[12.110576941512337, 44.70092861120948], [12.110554561100063, 44.700885731999676], [12.110534554455668, 44.700873517079025], [12.110509510873742, 44.7008695123478], [12.110486552834532, 44.700877169444674], [12.110478497036974, 44.70089718062572], [12.11046738282551, 44.700921441829166], [12.110463209928987, 44.70094577421465], [12.110485148826033, 44.70096679059171], [12.110499010801783, 44.700986985496954], [12.110516911257626, 44.70100759113327], [12.110534832389941, 44.70100814422339], [12.11055121598314, 44.700993635139376], [12.11056427636185, 44.70097843540658], [12.110572991653125, 44.700957104163486], [12.110576941512337, 44.70092861120948]]]]}}, {"type": "Feature", "properties": {"id": null, "nome": null, "containment_depth": 1, "elevation_cm": -70}, "geometry": {"type": "MultiPolygon", "coordinates": [[[[12.110334259930706, 44.701057101485816], [12.11029943009131, 44.70104763435037], [12.110275222587786, 44.70105923169511], [12.11027589150094, 44.70107171339577], [12.11028393603417, 44.7010855565279], [12.110306620328751, 44.7011000422364], [12.110326838313128, 44.701109386867], [12.110340781273019, 44.70109702766888], [12.110353939282334, 44.70108364820612], [12.11035556944147, 44.70107318715395], [12.110334259930706, 44.701057101485816]]]]}}, {"type": "Feature", "properties": {"id": null, "nome": null, "containment_depth": 1, "elevation_cm": -70}, "geometry": {"type": "MultiPolygon", "coordinates": [[[[12.110143320013794, 44.701108660390915], [12.110113306713705, 44.701120936791476], [12.110087886979208, 44.70115079621227], [12.110074385276375, 44.70118501823796], [12.11008716271332, 44.70121904476723], [12.110111435609644, 44.70126317455728], [12.110144236021966, 44.701302905246145], [12.11021115148207, 44.701393268201485], [12.110221941087467, 44.70141745312032], [12.110227598395719, 44.701441257112336], [12.110246441694265, 44.70145220172208], [12.110286352874295, 44.701447467928354], [12.110313333461708, 44.70144673242918], [12.11033134060975, 44.7014420749003], [12.110344833163492, 44.70143493628661], [12.110399250035456, 44.701370432326904], [12.110403183805458, 44.701348450201664], [12.110398395003891, 44.70132722669476], [12.110375923775505, 44.70126221462621], [12.110346165108586, 44.70118385961737], [12.110307595838469, 44.70111824471585], [12.110275208954953, 44.70109985685639], [12.110225850827351, 44.70109182740129], [12.110195786375632, 44.70108952196019], [12.11016667408994, 44.70109135720098], [12.110143320013794, 44.701108660390915]]]]}}, {"type": "Feature", "properties": {"id": null, "nome": null, "containment_depth": 1, "elevation_cm": -70}, "geometry": {"type": "MultiPolygon", "coordinates": [[[[12.11009578260298, 44.70110735204692], [12.110043447349293, 44.701111903600015], [12.110002073364434, 44.70113021877783], [12.109997349904269, 44.70116472235021], [12.110018092776555, 44.70119749010674], [12.110035445083351, 44.701221496158695], [12.110061213401698, 44.70123902283528], [12.110086419752012, 44.70125968980813], [12.110098723424487, 44.70128487512924], [12.110108500476018, 44.70131742094991], [12.110117413562092, 44.70133384457093], [12.110161741935562, 44.701370656863396], [12.110169805228441, 44.70141210351437], [12.110166958326676, 44.70145436839829], [12.110184505873281, 44.70148201491889], [12.110192118706875, 44.70152868215297], [12.110207255700221, 44.7015522277351], [12.11021832860214, 44.70156807164159], [12.11024087371848, 44.70157995700314], [12.110297663695663, 44.701590388009855], [12.11033356658984, 44.70157899266876], [12.11034566102767, 44.701559392234046], [12.110351647603604, 44.70152120840129], [12.110362957073358, 44.701500587702206], [12.110376045093313, 44.701445022866004], [12.11038000674833, 44.701423560812216], [12.11040903178026, 44.70138943639736], [12.110433239389662, 44.70137783902171], [12.110434674428111, 44.70136373747378], [12.110402068093565, 44.70124587698484], [12.110389903663156, 44.7012232920537], [12.110327925317145, 44.701129669629395], [12.110310572921291, 44.70110566362421], [12.110275547955899, 44.7010925559863], [12.110233481840137, 44.70108432775333], [12.110183840459326, 44.701084639291615], [12.110141653729054, 44.70110141418316], [12.11009578260298, 44.70110735204692]]]]}}, {"type": "Feature", "properties": {"id": null, "nome": null, "containment_depth": 1, "elevation_cm": -70}, "geometry": {"type": "MultiPolygon", "coordinates": [[[[12.110104753316314, 44.70103627455146], [12.110085078683268, 44.70099618606254], [12.110068599569233, 44.70096121877216], [12.11005259885155, 44.70092155096323], [12.110045018705936, 44.70086186205887], [12.110050048683295, 44.7008330792654], [12.110051901577792, 44.700745008378014], [12.110038729511972, 44.70071724256747], [12.110033913038803, 44.70069549896704], [12.110028618193258, 44.70067845588176], [12.110015892053786, 44.700659011203925], [12.109975005995102, 44.70064554240241], [12.109951955053443, 44.70063783741933], [12.109910024013642, 44.70064575113509], [12.109850025630482, 44.700670823868045], [12.109830639232223, 44.70069062300353], [12.109828498071932, 44.70071880621917], [12.109826807436383, 44.700741768848495], [12.10984581763187, 44.700755833960635], [12.109849259249126, 44.700779177534436], [12.109887005647332, 44.70078856531236], [12.10992163556242, 44.70080793380619], [12.109962261670233, 44.70084380543027], [12.109985029395878, 44.70085985142119], [12.109983817202243, 44.70087811353541], [12.109958592577824, 44.700911613424545], [12.10994251309282, 44.70093861406997], [12.10992547682159, 44.700975015743815], [12.109919183451062, 44.701007478782095], [12.109918695808053, 44.701039262742924], [12.109932123338089, 44.701058167482174], [12.109955875779415, 44.70106533251714], [12.109987932732379, 44.70106393789645], [12.110021731378934, 44.701054162501656], [12.110053059122853, 44.7010527877393], [12.110072914747642, 44.701055371494], [12.110088367302366, 44.70105755443554], [12.110113527004202, 44.701050097819994], [12.110104753316314, 44.70103627455146]]]]}}, {"type": "Feature", "properties": {"id": null, "nome": null, "containment_depth": 1, "elevation_cm": -70}, "geometry": {"type": "MultiPolygon", "coordinates": [[[[12.110166865427544, 44.700607760724914], [12.110146958794545, 44.700590595118065], [12.11013658743751, 44.70057421124859], [12.110086751405776, 44.700570882235574], [12.110043924027627, 44.70057569544943], [12.109987014383407, 44.70059026744825], [12.109949992669607, 44.700594401547725], [12.109939723580556, 44.700607181390254], [12.109944934788578, 44.700622664267556], [12.10997036838596, 44.70063395012172], [12.11000587138313, 44.700642357348414], [12.110026507189698, 44.70065950310407], [12.110039061515003, 44.7006893690773], [12.11005579134702, 44.70072901701501], [12.110064054132271, 44.70076056245659], [12.110071587730413, 44.70079212777386], [12.110067119747933, 44.70081777026549], [12.110094629904268, 44.70090868657779], [12.110097700153108, 44.7009523526617], [12.110112697596435, 44.70097329790889], [12.110138266154918, 44.701000725796035], [12.110175868820315, 44.701021054839295], [12.110189830533878, 44.70103629917225], [12.110193810981261, 44.701042440635476], [12.110233387434794, 44.70103146601703], [12.110267408987518, 44.70102585111807], [12.11029071550925, 44.70102469494877], [12.110363607610275, 44.70102218703958], [12.110381698240781, 44.70101908971868], [12.110388878747697, 44.70101681064789], [12.110400254409523, 44.70100764641353], [12.110399223129702, 44.7009884037937], [12.110375061632839, 44.700946354349306], [12.11036772747527, 44.70090488783361], [12.11035972369927, 44.700769169223356], [12.110354437811148, 44.70072504271505], [12.11034183210712, 44.70068059491893], [12.110332881471754, 44.700608964287255], [12.11034057722373, 44.70057542133348], [12.110340781395161, 44.700551978387495], [12.110340562959315, 44.700534276099376], [12.11032531017619, 44.700522191963216], [12.110294122083792, 44.70052616714681], [12.110288678729367, 44.70053360716329], [12.11027779201645, 44.700548487195604], [12.110257876262759, 44.70055840505158], [12.110244300283886, 44.700563983437775], [12.110218272261795, 44.700568859599265], [12.110207640923463, 44.70057487854202], [12.110207608486778, 44.70058790019297], [12.11021354895815, 44.700603363178594], [12.110202272029408, 44.70061096221137], [12.110182750994586, 44.700614619326316], [12.110166865427544, 44.700607760724914]]]]}}, {"type": "Feature", "properties": {"id": null, "nome": null, "containment_depth": 1, "elevation_cm": -70}, "geometry": {"type": "MultiPolygon", "coordinates": [[[[12.110327451092562, 44.700494008744336], [12.110322021368152, 44.70046082359823], [12.110305732834814, 44.70044303855692], [12.11028688986386, 44.7004320939465], [12.110246477708808, 44.70042746644486], [12.110171482376872, 44.70043159410319], [12.110081225129113, 44.700450720987334], [12.110034807611816, 44.700456673720446], [12.10999702892582, 44.700460307638075], [12.109964888701965, 44.700460142038956], [12.109947355575493, 44.70047364071133], [12.109936775329325, 44.70049424149518], [12.109920496231208, 44.70053114336252], [12.109926854636589, 44.70055440743177], [12.10996356515439, 44.70055809428227], [12.110012142474737, 44.700551561876125], [12.110059600423972, 44.700537768331905], [12.110121419266017, 44.700519416663596], [12.1101903582083, 44.700511287486194], [12.110248326801901, 44.700516478084474], [12.110284252375033, 44.70051914456774], [12.11031703820731, 44.700517729985094], [12.110332128297447, 44.700513151976004], [12.110327451092562, 44.700494008744336]]]]}}, {"type": "Feature", "properties": {"id": null, "nome": null, "containment_depth": 2, "elevation_cm": -60}, "geometry": {"type": "MultiPolygon", "coordinates": [[[[12.111088394737308, 44.70441775851043], [12.111159190654712, 44.70441817567166], [12.111176574631285, 44.70441496278711], [12.111218973538007, 44.704397373489904], [12.111211750218569, 44.7043854412248], [12.111204020964532, 44.70437430528639], [12.111187924404248, 44.704370831554684], [12.111116981923402, 44.7043676795486], [12.111085354353685, 44.70437128080827], [12.111071149398683, 44.70438262357362], [12.111070239005167, 44.70439634269302], [12.111076007315503, 44.70441183603134], [12.111088394737308, 44.70441775851043]]]]}}, {"type": "Feature", "properties": {"id": null, "nome": null, "containment_depth": 2, "elevation_cm": -60}, "geometry": {"type": "MultiPolygon", "coordinates": [[[[12.109099493207703, 44.70403873869676], [12.109086079006142, 44.70403727525072], [12.109066202322209, 44.7040396458614], [12.109059974670592, 44.704047863070784], [12.109059795182032, 44.704054086491546], [12.109066727332559, 44.70405901873636], [12.109080298094732, 44.70406340428541], [12.109086581093628, 44.70406579364702], [12.10910874464842, 44.7040582395737], [12.109107664960712, 44.70404766091475], [12.109099493207703, 44.70403873869676]]]]}}, {"type": "Feature", "properties": {"id": null, "nome": null, "containment_depth": 2, "elevation_cm": -60}, "geometry": {"type": "MultiPolygon", "coordinates": [[[[12.109039637118086, 44.70376638863345], [12.109017480410762, 44.7037549211209], [12.109010985566734, 44.70373900308013], [12.108995937098326, 44.703735755176105], [12.108962173355392, 44.70373740678685], [12.108948279427759, 44.7037557093742], [12.108950298364888, 44.70378382064442], [12.108964909570451, 44.70379805434582], [12.108973022561429, 44.70380588078729], [12.108990080571573, 44.70380834234492], [12.109023929375324, 44.70378913020563], [12.109039575040784, 44.70377480363033], [12.109039637118086, 44.70376638863345]]]]}}, {"type": "Feature", "properties": {"id": null, "nome": null, "containment_depth": 2, "elevation_cm": -60}, "geometry": {"type": "MultiPolygon", "coordinates": [[[[12.108432881522065, 44.70314977112941], [12.10849516761055, 44.703369406751044], [12.108551324327077, 44.70367671288877], [12.108627810395669, 44.70387728923977], [12.108645615381027, 44.70388412004774], [12.108719523863254, 44.703885032695176], [12.108806396450147, 44.703879007733825], [12.108860653725717, 44.703857776383884], [12.108889896504433, 44.703829179095], [12.108884984108998, 44.70379492813454], [12.108860185751855, 44.703734150126174], [12.108827388496357, 44.70367724802027], [12.10878547531375, 44.70360815722634], [12.108765041562613, 44.70357140280227], [12.108745958919561, 44.70350242152216], [12.108702416792536, 44.70341728005969], [12.108674179906796, 44.70338805414267], [12.108655873222062, 44.70335270492733], [12.108642101187103, 44.70330625828179], [12.108646401017058, 44.703290777701426], [12.10867580703394, 44.703246080998035], [12.108687831824883, 44.70322161083913], [12.108681340572044, 44.70319618198688], [12.10862774437589, 44.70313399377301], [12.108589701829516, 44.70309406111743], [12.108568276305004, 44.703077086656265], [12.108543614399446, 44.70307629538634], [12.10848984114359, 44.70306824972663], [12.108484179572056, 44.70309690086946], [12.108432881522065, 44.70314977112941]]]]}}, {"type": "Feature", "properties": {"id": null, "nome": null, "containment_depth": 2, "elevation_cm": -60}, "geometry": {"type": "MultiPolygon", "coordinates": [[[[12.109087787582045, 44.703919579594206], [12.109102732592126, 44.70392657971299], [12.10912720042187, 44.70392015168148], [12.109148306727532, 44.70389406226959], [12.109171266721065, 44.703827181823726], [12.109177880840388, 44.70373523254368], [12.109189724638718, 44.703643963791336], [12.109206695536525, 44.70352992169871], [12.109221486225545, 44.70343980719696], [12.109227219058473, 44.703396029811124], [12.109230386724768, 44.70333668455311], [12.109230420574738, 44.70324038785839], [12.109212552026566, 44.70319766514978], [12.109162443240182, 44.70314553298985], [12.109107937693462, 44.7031190348837], [12.109023691030975, 44.70309746237832], [12.108948215380726, 44.70308881946735], [12.108852081526145, 44.70309308500702], [12.108818589417865, 44.70311416208173], [12.10878923291904, 44.70315858312649], [12.108780845629997, 44.70324975766358], [12.108778103437974, 44.70329551114411], [12.108790257755848, 44.703328513127246], [12.10883888283865, 44.70343912177242], [12.108909259049947, 44.703549137720124], [12.108926467073003, 44.70357953286128], [12.108991083129768, 44.7036547264784], [12.109004856134643, 44.70368562672786], [12.109003564077923, 44.70370459187226], [12.108982373513552, 44.703718337942696], [12.108959142372214, 44.7037370778564], [12.10894636680719, 44.70376787847885], [12.108960025939751, 44.70380742376385], [12.109001316233783, 44.703856504140155], [12.109040217579732, 44.703893303987364], [12.109087787582045, 44.703919579594206]]]]}}, {"type": "Feature", "properties": {"id": null, "nome": null, "containment_depth": 2, "elevation_cm": -60}, "geometry": {"type": "MultiPolygon", "coordinates": [[[[12.108738866673058, 44.70253074072661], [12.108719034638005, 44.70252675435577], [12.108688453413086, 44.70252676454014], [12.108682181538319, 44.70252816998582], [12.108673611495417, 44.70257284769274], [12.108668370289998, 44.70260426604755], [12.108634466668803, 44.70266074503834], [12.108593292813808, 44.70272153730305], [12.108590628162933, 44.70273642463765], [12.10861304723325, 44.70275638984221], [12.10866840027436, 44.70276640427903], [12.108708666557376, 44.70276407261583], [12.108744995366251, 44.702742095241156], [12.108752379443722, 44.70272913691629], [12.108752218765769, 44.7026830510065], [12.1087419912589, 44.70265370020132], [12.10874267091316, 44.70261252964005], [12.108738311368697, 44.70259577608523], [12.108738866673058, 44.70253074072661]]]]}}, {"type": "Feature", "properties": {"id": null, "nome": null, "containment_depth": 2, "elevation_cm": -60}, "geometry": {"type": "MultiPolygon", "coordinates": [[[[12.108751578803284, 44.7025526164669], [12.10874558264737, 44.70252685405495], [12.108740044891618, 44.70252042061324], [12.108703793848218, 44.70251153183538], [12.108668005058242, 44.702511272380576], [12.108647391005043, 44.70252500268288], [12.108639760924369, 44.702544140510334], [12.108638729012478, 44.70257873634198], [12.108628540463648, 44.70262551574478], [12.108609661369556, 44.702682408415036], [12.108596309642952, 44.7027132247], [12.10859162255156, 44.70274421643331], [12.108623348487301, 44.70276557414859], [12.108657294976318, 44.702774525741376], [12.10870121642994, 44.70277579817618], [12.108734304458181, 44.702768723839355], [12.108757887502195, 44.702756558707996], [12.10877405014001, 44.70273513078543], [12.108780039721315, 44.70271768372979], [12.10877566199504, 44.70268981962053], [12.108751578803284, 44.7025526164669]]]]}}, {"type": "Feature", "properties": {"id": null, "nome": null, "containment_depth": 2, "elevation_cm": -60}, "geometry": {"type": "MultiPolygon", "coordinates": [[[[12.108997148652737, 44.701961154672176], [12.10898820176655, 44.701944937645855], [12.10896664141626, 44.701940998412255], [12.108895148761563, 44.70195282295607], [12.10886968347357, 44.70196215876055], [12.108834881732644, 44.70199109041599], [12.108832129118007, 44.70200433407247], [12.108849094461366, 44.70203020911878], [12.108850481248682, 44.70205609712116], [12.108867710768335, 44.70208690321184], [12.108881817319194, 44.70211326766905], [12.1089013812324, 44.70212302260394], [12.10892876938183, 44.70212803761383], [12.1089572916846, 44.70212191066082], [12.108980562416138, 44.70211469223809], [12.108988276570786, 44.702107897709624], [12.108995752390742, 44.7020858834181], [12.10900302626777, 44.702070870476554], [12.109010366182147, 44.7020570902964], [12.109014498858599, 44.70202652517112], [12.109018385568216, 44.70200213955485], [12.108997148652737, 44.701961154672176]]]]}}, {"type": "Feature", "properties": {"id": null, "nome": null, "containment_depth": 2, "elevation_cm": -60}, "geometry": {"type": "MultiPolygon", "coordinates": [[[[12.108884545770753, 44.70182759812314], [12.108883489167573, 44.701807873930726], [12.108872215661295, 44.70179130876991], [12.108847844428013, 44.701777981133084], [12.108814896752113, 44.70176612173744], [12.108774701061705, 44.70175898654373], [12.108725972948811, 44.70175414141712], [12.108616105221786, 44.701749727505515], [12.108570610120603, 44.70175137855485], [12.108559350923331, 44.70175662355824], [12.108550744649422, 44.70177908014171], [12.108551309111643, 44.701811163359906], [12.108570285008717, 44.701853032969396], [12.108592251824495, 44.701896878689325], [12.108608662871777, 44.70192318039435], [12.108621976873565, 44.70193475174098], [12.108639081935669, 44.70194169307076], [12.108654616456166, 44.70194085829993], [12.108665989613554, 44.701926968252465], [12.10868490084158, 44.701902996329636], [12.10869604999802, 44.70189569670976], [12.108742943533413, 44.70188783470064], [12.108789282899894, 44.70188039929215], [12.10883165512086, 44.70187430652074], [12.108863414189265, 44.70186397619289], [12.108881767320783, 44.701851130496756], [12.108884545770753, 44.70182759812314]]]]}}, {"type": "Feature", "properties": {"id": null, "nome": null, "containment_depth": 2, "elevation_cm": -60}, "geometry": {"type": "MultiPolygon", "coordinates": [[[[12.108439583687364, 44.701524291081014], [12.108490396148616, 44.70152496433875], [12.108505772580985, 44.70153195278451], [12.10853368865653, 44.701546829998534], [12.108576405032455, 44.701568711338574], [12.108617796918606, 44.7015766370525], [12.108642524072117, 44.7015858398368], [12.108674037021222, 44.70158168907444], [12.108696819458176, 44.70157613009532], [12.108717675297402, 44.70156691992019], [12.1087264795802, 44.70154816161288], [12.108699965659405, 44.701516373902734], [12.108687209774953, 44.70149367630485], [12.108690186393288, 44.70147384221996], [12.108697332094435, 44.7014456641334], [12.108703307330325, 44.70140640688384], [12.108706809577614, 44.70134252578393], [12.108697884887105, 44.70132671964919], [12.10868461892002, 44.701305270509785], [12.108681903834624, 44.7012761265299], [12.108672951001466, 44.70124632946281], [12.10865237105784, 44.70122837175996], [12.108610209062869, 44.70120606382249], [12.108560916983427, 44.70116913539078], [12.108386890106454, 44.70109527620947], [12.108352952541988, 44.70106492522392], [12.108302604368575, 44.70100827246627], [12.108255375204195, 44.70096676097594], [12.108217676707815, 44.700920051585285], [12.108193265956679, 44.7008952023086], [12.108177199561316, 44.700896874546665], [12.108163609868287, 44.700912471010994], [12.108167697051577, 44.70094569283178], [12.108196032948072, 44.700992657293625], [12.108254303298846, 44.701078723757014], [12.108325335127109, 44.70111217942529], [12.108417621088696, 44.7011681011565], [12.108417621088696, 44.7011681011565], [12.10842965049807, 44.7011772384009], [12.10844887055587, 44.701277537293485], [12.108441525119765, 44.70136662584031], [12.108434881582957, 44.70141495473444], [12.108426241511212, 44.701469099308085], [12.108422970828647, 44.701504990696655], [12.108439583687364, 44.701524291081014]]]]}}, {"type": "Feature", "properties": {"id": null, "nome": null, "containment_depth": 2, "elevation_cm": -60}, "geometry": {"type": "MultiPolygon", "coordinates": [[[[12.107359606620514, 44.70000803771483], [12.107307621175748, 44.700006984376095], [12.107257734016478, 44.70002356925428], [12.107218125360944, 44.700048927646634], [12.107177307856427, 44.70010559450865], [12.107175122733874, 44.70014022174324], [12.10719725012072, 44.70016554494454], [12.107208944971308, 44.70017921815655], [12.107218401221047, 44.70019418689339], [12.107249623388633, 44.700195394211114], [12.107341195717087, 44.70017067822762], [12.107374400737015, 44.700144259631834], [12.107379682364126, 44.70012436280163], [12.107380749468106, 44.70005807892836], [12.107370725325186, 44.700021726601534], [12.107359606620514, 44.70000803771483]]]]}}, {"type": "Feature", "properties": {"id": null, "nome": null, "containment_depth": 2, "elevation_cm": -60}, "geometry": {"type": "MultiPolygon", "coordinates": [[[[12.107675222186984, 44.699630924973874], [12.107647220671097, 44.69962520620542], [12.10762486343973, 44.69963600028174], [12.107591305489601, 44.69968814860121], [12.107580206848619, 44.69972332725847], [12.107573591232429, 44.69976949486901], [12.107580093585568, 44.69980203365456], [12.107602582111024, 44.69988259357942], [12.107635599097886, 44.69994157054721], [12.107691488136172, 44.69999128260023], [12.107708538520338, 44.69999452187607], [12.107729332445455, 44.69998685676893], [12.107746975666737, 44.69996075905084], [12.107759918204842, 44.699927690637345], [12.107761542077235, 44.699852955422095], [12.107760670503746, 44.69982859656785], [12.107743727099711, 44.699762700377654], [12.107732217811746, 44.69974171767526], [12.107714990879094, 44.69967860696667], [12.107706272298575, 44.6996612519345], [12.107675222186984, 44.699630924973874]]]]}}, {"type": "Feature", "properties": {"id": null, "nome": null, "containment_depth": 2, "elevation_cm": -60}, "geometry": {"type": "MultiPolygon", "coordinates": [[[[12.108272397384075, 44.69988132333418], [12.108322153162696, 44.69988922706466], [12.108397544420258, 44.699874827543674], [12.108423846017834, 44.69984880247537], [12.108464190909205, 44.6997779505816], [12.10848807663882, 44.69972297911568], [12.10848862253701, 44.69968469282903], [12.108490638675255, 44.69962537893657], [12.108493056859716, 44.69955741215777], [12.108477254588479, 44.6995047565245], [12.10845632716896, 44.69946952438379], [12.108396483036064, 44.69941868589223], [12.108333380215026, 44.699371639830815], [12.108285623349913, 44.6993525705927], [12.108272825194419, 44.69935600565161], [12.10823442474235, 44.69938236028609], [12.108203928236865, 44.69942701801619], [12.10818289905768, 44.69948684985445], [12.10816855250993, 44.69954217867698], [12.108164576544956, 44.699597224987095], [12.108179316293219, 44.69964620592296], [12.108200627765642, 44.69972093362744], [12.108212246772025, 44.69976012307915], [12.108223358707422, 44.69982216573511], [12.10825166203373, 44.699865838912615], [12.108272397384075, 44.69988132333418]]]]}}, {"type": "Feature", "properties": {"id": null, "nome": null, "containment_depth": 2, "elevation_cm": -60}, "geometry": {"type": "MultiPolygon", "coordinates": [[[[12.109950089806393, 44.6994726452999], [12.10992637071644, 44.699433785837606], [12.109890783866808, 44.699399570812986], [12.109838479787784, 44.69936025589918], [12.109812184591755, 44.69937023181776], [12.10980845245383, 44.699397493899944], [12.109818393476047, 44.69948611139432], [12.109842035407786, 44.69955583702572], [12.10988057827316, 44.699596761583486], [12.109931594531261, 44.699612037625], [12.109965530150653, 44.699615433600705], [12.109991896969822, 44.69959064095382], [12.109986887792072, 44.69956176529089], [12.109950089806393, 44.6994726452999]]]]}}, {"type": "Feature", "properties": {"id": null, "nome": null, "containment_depth": 2, "elevation_cm": -60}, "geometry": {"type": "MultiPolygon", "coordinates": [[[[12.111091668853136, 44.7037676579899], [12.11100219140409, 44.7037696348009], [12.110950380476885, 44.703784010382826], [12.110883834207678, 44.703802028430744], [12.110811875299893, 44.70382806434143], [12.110774997850832, 44.703842495644295], [12.110739367239436, 44.70385596702038], [12.110724202799956, 44.7038758248024], [12.11074186617875, 44.70391469485989], [12.110760033013394, 44.703938736455285], [12.11079209266669, 44.703943417889384], [12.110844040799963, 44.70396792731218], [12.110886220137456, 44.70397974017137], [12.110938374338122, 44.70398387367505], [12.111005589931894, 44.7039783372761], [12.11105366430041, 44.70395480434598], [12.111104182765567, 44.70392842698903], [12.111156546675563, 44.703900147446724], [12.111190335537549, 44.703876541032486], [12.1112199091104, 44.7038590680377], [12.111224029045163, 44.70383904839628], [12.111216580367913, 44.70382119605416], [12.111203198686162, 44.70380165365271], [12.11114873208338, 44.70377860194758], [12.111091668853136, 44.7037676579899]]]]}}, {"type": "Feature", "properties": {"id": null, "nome": null, "containment_depth": 2, "elevation_cm": -60}, "geometry": {"type": "MultiPolygon", "coordinates": [[[[12.110400780021866, 44.70182932918328], [12.110395661477886, 44.70181557990515], [12.110364251222268, 44.70181088065435], [12.110353159906714, 44.70182194684496], [12.110350066796604, 44.70184598937253], [12.11035370531999, 44.70186845950897], [12.11035811473585, 44.70187806147565], [12.110386831171231, 44.70188700080923], [12.11040926795603, 44.701887778037666], [12.110423164620013, 44.70187455204165], [12.110421337553184, 44.70185862971209], [12.110400780021866, 44.70182932918328]]]]}}, {"type": "Feature", "properties": {"id": null, "nome": null, "containment_depth": 2, "elevation_cm": -60}, "geometry": {"type": "MultiPolygon", "coordinates": [[[[12.110411542150713, 44.70202104866847], [12.110393328926346, 44.70202640626846], [12.110391418521383, 44.70203618051897], [12.110405364967832, 44.70204205028927], [12.110423352208286, 44.70204155993338], [12.110431712525376, 44.7020340403911], [12.110427303084215, 44.70202443842815], [12.110411542150713, 44.70202104866847]]]]}}, {"type": "Feature", "properties": {"id": null, "nome": null, "containment_depth": 2, "elevation_cm": -60}, "geometry": {"type": "MultiPolygon", "coordinates": [[[[12.1105217215676, 44.70087933565504], [12.110494794747634, 44.70088788219739], [12.11047973963706, 44.70091355291547], [12.110479660957404, 44.700939336177356], [12.110493297690939, 44.70096214137715], [12.110506500152606, 44.700983656337776], [12.110513016644468, 44.700996239034886], [12.110521232950862, 44.700999660854656], [12.110541232425431, 44.70099130316262], [12.11054933002301, 44.700972072083744], [12.110559840441839, 44.700950171071305], [12.11056268033335, 44.70092821876143], [12.11056059925599, 44.70090301521071], [12.11054979344041, 44.70088534114747], [12.1105217215676, 44.70087933565504]]]]}}, {"type": "Feature", "properties": {"id": null, "nome": null, "containment_depth": 2, "elevation_cm": -60}, "geometry": {"type": "MultiPolygon", "coordinates": [[[[12.110310953397342, 44.701058257664386], [12.110287674734273, 44.70105993390907], [12.11028166936099, 44.70107051422932], [12.110291172296435, 44.701084317604696], [12.110306257996806, 44.70109328131542], [12.110320252167481, 44.701095503981584], [12.110341008777738, 44.70108764651548], [12.11034412521208, 44.701077665777284], [12.110335435081431, 44.701065402740696], [12.110310953397342, 44.701058257664386]]]]}}, {"type": "Feature", "properties": {"id": null, "nome": null, "containment_depth": 2, "elevation_cm": -60}, "geometry": {"type": "MultiPolygon", "coordinates": [[[[12.10996747745178, 44.700804861378], [12.10999024977711, 44.7008073656456], [12.110021665602865, 44.70079400938594], [12.110033365229125, 44.700780669712096], [12.110042013321065, 44.700751267465535], [12.110039834938673, 44.70072424364965], [12.110030053437193, 44.70070523953914], [12.11002366710214, 44.700681455406766], [12.109999724347146, 44.70065710816108], [12.10995149060492, 44.70064279797025], [12.109907622784652, 44.70065545195241], [12.109875505676037, 44.70066934812604], [12.109853230370977, 44.70068974683772], [12.109832246240272, 44.70070698536851], [12.109842278482772, 44.70073067013772], [12.109851107793544, 44.70074553357234], [12.109877409963275, 44.70075939992624], [12.109901636025793, 44.70077540618475], [12.109940613252066, 44.700794135348296], [12.10996747745178, 44.700804861378]]]]}}, {"type": "Feature", "properties": {"id": null, "nome": null, "containment_depth": 2, "elevation_cm": -60}, "geometry": {"type": "MultiPolygon", "coordinates": [[[[12.110203704970845, 44.7010192543829], [12.110240276442047, 44.70102034078094], [12.110261483525202, 44.701007262743076], [12.110291831191823, 44.701001227156155], [12.11031889972211, 44.70098851015362], [12.110330153366643, 44.70096684931705], [12.110322615065881, 44.70094882574266], [12.110305545984701, 44.70091647872247], [12.11028892286464, 44.700892452832996], [12.110286126645928, 44.70086752918729], [12.110295555016846, 44.70085268890953], [12.110310816962397, 44.70083768960554], [12.11031825736904, 44.700813007736144], [12.11032050005748, 44.7007322178477], [12.110324828565524, 44.70070397499473], [12.110316087296178, 44.7006771300916], [12.1103075690057, 44.70065444575451], [12.110306482026793, 44.700634162990035], [12.110293333193928, 44.70062045900327], [12.110278386977255, 44.700614095641185], [12.110220107145823, 44.700616726002565], [12.110188440630937, 44.7006254016748], [12.11013470316915, 44.700631033154444], [12.110096079114145, 44.70064614842335], [12.110061296098849, 44.70066480479399], [12.11006151445217, 44.70068250708465], [12.110063130860848, 44.700712671202645], [12.110068198169518, 44.70073909544036], [12.110075313726965, 44.70076285969265], [12.110107301007485, 44.70080105006745], [12.110116882879234, 44.70082995539516], [12.110129186463395, 44.700855140716776], [12.11014131826075, 44.70089074733269], [12.110132475112925, 44.700916509088756], [12.11013215480478, 44.7009514134733], [12.110136409362095, 44.7009762973699], [12.11015651122241, 44.70099710347046], [12.110183849353927, 44.70101667065077], [12.110203704970845, 44.7010192543829]]]]}}, {"type": "Feature", "properties": {"id": null, "nome": null, "containment_depth": 2, "elevation_cm": -60}, "geometry": {"type": "MultiPolygon", "coordinates": [[[[12.110283002733972, 44.700482199655305], [12.110275464518914, 44.700464176074306], [12.110242961979871, 44.70045724963163], [12.110165217056881, 44.70046457722321], [12.1101210428567, 44.70047151050194], [12.110085173056072, 44.70046988410824], [12.110017725011264, 44.700464951816436], [12.10998897531689, 44.70047354792714], [12.109955344204923, 44.70048644373023], [12.10995272935224, 44.700505785738976], [12.10995878121886, 44.70052332902449], [12.109976137905612, 44.700533793370745], [12.110002444619674, 44.70053411797484], [12.110032764203492, 44.7005275623915], [12.110090653790513, 44.70051765113408], [12.110134577203588, 44.700506037227235], [12.110187696837187, 44.700502505911935], [12.11023035236211, 44.70050811394214], [12.110269250444427, 44.70051174106179], [12.11028978388985, 44.700499723042675], [12.110283002733972, 44.700482199655305]]]]}}, {"type": "Feature", "properties": {"id": 2, "nome": null, "containment_depth": 2, "elevation_cm": -60}, "geometry": {"type": "MultiPolygon", "coordinates": [[[[12.110654747139247, 44.70849294432345], [12.110663123222082, 44.708494034061594], [12.110701877906294, 44.708533198417314], [12.110743019077065, 44.70851906503979], [12.110693023301394, 44.70844840348995], [12.110681208369073, 44.70843488556381], [12.110700316654103, 44.708394821612046], [12.110721265079276, 44.70837184278192], [12.110760276554696, 44.70835825721808], [12.110763520194565, 44.70831533054527], [12.110743940007543, 44.7082776394977], [12.110714778714705, 44.70823361916818], [12.110678582118492, 44.70821351643254], [12.110637119751862, 44.70823310023632], [12.110638213459982, 44.70825350096218], [12.110641858453336, 44.7082870131275], [12.110672805857021, 44.70829539609036], [12.110684544681215, 44.708324733287824], [12.110665007511255, 44.70837403562734], [12.110659559796362, 44.70842756718456], [12.110647693029252, 44.70846479750193], [12.110654747139247, 44.70849294432345]]]]}}, {"type": "Feature", "properties": {"id": null, "nome": null, "containment_depth": 3, "elevation_cm": -50}, "geometry": {"type": "MultiPolygon", "coordinates": [[[[12.11022854192339, 44.70413916361189], [12.110191192986068, 44.704151684935404], [12.110181271601183, 44.704181535065324], [12.110187588324653, 44.704213407528556], [12.110213337800852, 44.70422092218948], [12.110248649736173, 44.704213386333784], [12.110271929543684, 44.70419631857144], [12.110278040656835, 44.70418136214206], [12.110274772335629, 44.70416337476606], [12.11026136991575, 44.70414977193464], [12.11022854192339, 44.70413916361189]]]]}}, {"type": "Feature", "properties": {"id": null, "nome": null, "containment_depth": 3, "elevation_cm": -50}, "geometry": {"type": "MultiPolygon", "coordinates": [[[[12.108716872849662, 44.70243491502694], [12.108730472748015, 44.70243062623537], [12.108740238635601, 44.70242549612343], [12.108745065662848, 44.702416582335914], [12.108744044112088, 44.70240458521927], [12.108733156769343, 44.70239231646465], [12.108725212861865, 44.7023890200016], [12.108706463267128, 44.70238912552524], [12.108691999559275, 44.70238789826554], [12.108673512675908, 44.702385834836996], [12.10865835605525, 44.702389355365305], [12.10864783220936, 44.70239801902831], [12.108644264323262, 44.702405682499204], [12.108647841570836, 44.70241234062447], [12.108666662170696, 44.702417097200794], [12.108697951062796, 44.70242826965066], [12.108716872849662, 44.70243491502694]]]]}}, {"type": "Feature", "properties": {"id": null, "nome": null, "containment_depth": 3, "elevation_cm": -50}, "geometry": {"type": "MultiPolygon", "coordinates": [[[[12.109172856255505, 44.70413477283897], [12.109151446386486, 44.70412767455186], [12.109136534798399, 44.70412698350768], [12.10911275308296, 44.704142629190194], [12.109102287735942, 44.70415791199995], [12.109098167461115, 44.70416716917327], [12.10910103470625, 44.70419196516034], [12.10910569957917, 44.70420244612348], [12.109123840758814, 44.704205975532275], [12.109147400528729, 44.7042053335261], [12.109175100133442, 44.70419579960199], [12.109188932033009, 44.70418591198316], [12.109193998350463, 44.704175165842905], [12.109196781148565, 44.70416009237938], [12.109196174469767, 44.70414876923989], [12.109172856255505, 44.70413477283897]]]]}}, {"type": "Feature", "properties": {"id": null, "nome": null, "containment_depth": 3, "elevation_cm": -50}, "geometry": {"type": "MultiPolygon", "coordinates": [[[[12.10897899314087, 44.70374499597987], [12.108964199063502, 44.70374649648633], [12.108949933333633, 44.703757859083105], [12.108952291704975, 44.70377315824826], [12.108959083448779, 44.70378504444749], [12.108981302242633, 44.70378809697423], [12.108998011386571, 44.70377447301795], [12.108999058662553, 44.70376529958371], [12.10898468228167, 44.7037554490386], [12.10897899314087, 44.70374499597987]]]]}}, {"type": "Feature", "properties": {"id": null, "nome": null, "containment_depth": 3, "elevation_cm": -50}, "geometry": {"type": "MultiPolygon", "coordinates": [[[[12.108938322795725, 44.70311748393247], [12.108897017390722, 44.70311239089915], [12.108872746820303, 44.703118904955765], [12.10884935677728, 44.703141855831085], [12.108828312275179, 44.703160719036646], [12.108823617745541, 44.70317840515408], [12.108831570678628, 44.7031928202939], [12.108832903781517, 44.70326557735639], [12.108830230622015, 44.70335929394515], [12.10883854855341, 44.70339967064799], [12.10885179925271, 44.70341723359811], [12.10887659147852, 44.70343960320837], [12.108900222423054, 44.70345944388449], [12.108964692056796, 44.70352353045721], [12.109025263589158, 44.70358187047849], [12.109039946291496, 44.70361658679235], [12.109051598535444, 44.70364260658091], [12.10909362839496, 44.70366121426433], [12.109120675246043, 44.70365864826224], [12.109115615672144, 44.70365037282988], [12.109103408734608, 44.70363314726462], [12.109089250995806, 44.7036178038362], [12.109098225628724, 44.70358427185366], [12.109111636957001, 44.70353781611459], [12.109156797307973, 44.70342099398743], [12.109172306966618, 44.70337301787659], [12.109166980144915, 44.703340607199195], [12.109128836478117, 44.70325092923728], [12.10903568552917, 44.703161286996654], [12.109015698489369, 44.70314244444276], [12.108998308013868, 44.70313377341741], [12.108976859404205, 44.703125944560185], [12.108938322795725, 44.70311748393247]]]]}}, {"type": "Feature", "properties": {"id": null, "nome": null, "containment_depth": 3, "elevation_cm": -50}, "geometry": {"type": "MultiPolygon", "coordinates": [[[[12.109081064158227, 44.70366215105404], [12.109113814842033, 44.70367031205384], [12.109157648911756, 44.703669940611746], [12.10917454193151, 44.70365137337422], [12.109187093425012, 44.70362716315794], [12.10918695061009, 44.7035921878176], [12.10919279355834, 44.70355046503549], [12.10920235083253, 44.703470369639305], [12.109223938096259, 44.70339941138338], [12.109220826294488, 44.70336287086799], [12.109220434326623, 44.7032801659505], [12.10921626200493, 44.70323460088577], [12.109203311130868, 44.703197505450554], [12.109158806263252, 44.70315303946584], [12.1091444055522, 44.703142732358195], [12.109119479510623, 44.703129831421165], [12.109071572354349, 44.70311879126685], [12.10898082982536, 44.70310521462659], [12.108911490194899, 44.703103400339224], [12.10885367031864, 44.703111971654856], [12.10882780445068, 44.703124610527006], [12.10881808977466, 44.70314792036882], [12.108816283679932, 44.70317883361021], [12.10881909086457, 44.703198921621635], [12.108807801724586, 44.703225155005065], [12.108799217374166, 44.70324802252634], [12.108806856953649, 44.703326003244634], [12.108813337530027, 44.703360805900246], [12.108828368960001, 44.7034044290157], [12.108894551494458, 44.703498098424305], [12.108938546303648, 44.703543812969784], [12.109015310030387, 44.70360879907958], [12.109050511936521, 44.70364117300646], [12.109081064158227, 44.70366215105404]]]]}}, {"type": "Feature", "properties": {"id": null, "nome": null, "containment_depth": 3, "elevation_cm": -50}, "geometry": {"type": "MultiPolygon", "coordinates": [[[[12.108985933483464, 44.701967221558846], [12.108976806671457, 44.701958416802725], [12.108932753759401, 44.701954678933], [12.108891753955957, 44.70196484955105], [12.108872424556859, 44.701981014013455], [12.108850654555072, 44.702005475382336], [12.108861124122436, 44.702039346309654], [12.108881604866212, 44.70208775918964], [12.108891660060216, 44.70210312298402], [12.108919598525516, 44.702118411012535], [12.10894856108971, 44.7021205024745], [12.10897575494018, 44.70211111955148], [12.108986860070004, 44.70210299806208], [12.108989304463298, 44.70208400151432], [12.108994493801584, 44.70207316057905], [12.109001125467993, 44.70205693057572], [12.109009805270832, 44.70201430745292], [12.109009192704884, 44.70199210203984], [12.108998407238703, 44.70197387751146], [12.108985933483464, 44.701967221558846]]]]}}, {"type": "Feature", "properties": {"id": null, "nome": null, "containment_depth": 3, "elevation_cm": -50}, "geometry": {"type": "MultiPolygon", "coordinates": [[[[12.108680310035078, 44.701424111572905], [12.108642247052543, 44.7014029265273], [12.108571168015875, 44.7014063034287], [12.108505782609361, 44.701413640370376], [12.10848197798706, 44.70142704604951], [12.10846141340039, 44.7014578530725], [12.108442500250765, 44.70148717477823], [12.108445874313423, 44.7015016918326], [12.108466313195695, 44.701511628765715], [12.108499572706764, 44.70151854152107], [12.108531417733472, 44.70151520479186], [12.108555932554113, 44.70149889910978], [12.108585267713446, 44.70148102176942], [12.108614143855586, 44.70147611982305], [12.108649058700438, 44.70147084757993], [12.108674358734199, 44.70145842992317], [12.108679662017947, 44.70143894396654], [12.108680310035078, 44.701424111572905]]]]}}, {"type": "Feature", "properties": {"id": null, "nome": null, "containment_depth": 3, "elevation_cm": -50}, "geometry": {"type": "MultiPolygon", "coordinates": [[[[12.107283726746394, 44.7000240959378], [12.107264269659355, 44.70002709495023], [12.107230290506143, 44.70004983091141], [12.107192203939366, 44.70009284322749], [12.107193343733758, 44.70012491079154], [12.107223885064206, 44.700167288713935], [12.107251936308092, 44.70017393215298], [12.107309485411964, 44.70017113031121], [12.107340003555477, 44.70015918811959], [12.107355167758778, 44.70014066822724], [12.107371888535276, 44.70010811424103], [12.107373185246509, 44.700078449444916], [12.107364155262422, 44.70004988893288], [12.107343466154276, 44.70002987636051], [12.107283726746394, 44.7000240959378]]]]}}, {"type": "Feature", "properties": {"id": null, "nome": null, "containment_depth": 3, "elevation_cm": -50}, "geometry": {"type": "MultiPolygon", "coordinates": [[[[12.107672033588779, 44.69966835731574], [12.107636531544927, 44.69967611437687], [12.10760811861435, 44.69970312269103], [12.107598233804001, 44.699736725087085], [12.107599261101438, 44.69978824005983], [12.107608052964972, 44.69983121025996], [12.107624976670216, 44.699904823017164], [12.107637746219588, 44.69993317877464], [12.107670475423069, 44.69996253408923], [12.107695231681472, 44.699980378220815], [12.107714426118891, 44.69998325045682], [12.107734124784255, 44.69997129421504], [12.107744273584544, 44.69994262286452], [12.107751535717647, 44.699900449960936], [12.107741684539445, 44.69984578028932], [12.107722438192866, 44.699761119756694], [12.10770844443989, 44.6997179826114], [12.107690858758259, 44.699680498826886], [12.107672033588779, 44.69966835731574]]]]}}, {"type": "Feature", "properties": {"id": null, "nome": null, "containment_depth": 3, "elevation_cm": -50}, "geometry": {"type": "MultiPolygon", "coordinates": [[[[12.108442491324457, 44.6995828637301], [12.108417050668747, 44.69952800155268], [12.108395094005571, 44.69948971103685], [12.108380243222232, 44.69947097991665], [12.1083283302355, 44.69945511032817], [12.108280765397797, 44.6994557888454], [12.108260237400428, 44.69950881695445], [12.108261242799722, 44.699576073181426], [12.108283391512652, 44.69963411147888], [12.108328994326119, 44.69972607854298], [12.108354969107687, 44.69977475337877], [12.10837513733079, 44.69979580875996], [12.10839242173167, 44.69979533787288], [12.108417853158603, 44.699785385814764], [12.108432991794304, 44.69974485012388], [12.108441150637752, 44.699703270026575], [12.108459250932835, 44.69965339443128], [12.108456604076974, 44.699620133375234], [12.108442491324457, 44.6995828637301]]]]}}, {"type": "Feature", "properties": {"id": null, "nome": null, "containment_depth": 3, "elevation_cm": -50}, "geometry": {"type": "MultiPolygon", "coordinates": [[[[12.109924234948842, 44.69945853528751], [12.109854613501554, 44.699419075118726], [12.109834103566778, 44.699423955109765], [12.109827244843528, 44.69945747522], [12.109847573073997, 44.699497661687055], [12.109851316116474, 44.69953521379889], [12.109864697642488, 44.69957497232324], [12.10988609935338, 44.69958673460345], [12.109928440417505, 44.69960162982205], [12.10995812100646, 44.69960637634116], [12.109977436498406, 44.69959535607663], [12.10997468969499, 44.69956024593783], [12.109951675125767, 44.699502231570655], [12.109924234948842, 44.69945853528751]]]]}}, {"type": "Feature", "properties": {"id": null, "nome": null, "containment_depth": 3, "elevation_cm": -50}, "geometry": {"type": "MultiPolygon", "coordinates": [[[[12.110924808592905, 44.70380044827774], [12.110898281621814, 44.703802097474934], [12.110863249710599, 44.703814626645105], [12.110826372283586, 44.70382905796402], [12.110784932595715, 44.70384315069884], [12.110759995479318, 44.70386234901241], [12.110741016132518, 44.703883699688824], [12.110752870419349, 44.70392319108506], [12.110794100223954, 44.70394151131242], [12.11084288553976, 44.703955458879726], [12.110877558947749, 44.70397256895616], [12.11092839193903, 44.70397627552733], [12.110968081450432, 44.70397797111467], [12.11101173842663, 44.703968910419945], [12.111136526543996, 44.703902082232105], [12.111173829085441, 44.70388347257725], [12.111202056680789, 44.70386511036841], [12.111211312721066, 44.70384402475395], [12.111208554025744, 44.70381678531514], [12.11118706783859, 44.70380348239289], [12.111127064773989, 44.70378613717104], [12.11109089288885, 44.703777401316884], [12.111047661229621, 44.703782283801345], [12.110924808592905, 44.70380044827774]]]]}}, {"type": "Feature", "properties": {"id": null, "nome": null, "containment_depth": 3, "elevation_cm": -50}, "geometry": {"type": "MultiPolygon", "coordinates": [[[[12.110126976945038, 44.70112733495657], [12.110100609638527, 44.70113951196833], [12.110117985250373, 44.70117757979968], [12.110125096313974, 44.70121488576636], [12.11014381889091, 44.70125083355425], [12.110165272345494, 44.70125597789072], [12.110178031111328, 44.70126240089532], [12.11019749206044, 44.70127124535425], [12.110217199299868, 44.70129831216786], [12.110226864935182, 44.70132877769295], [12.11022752929223, 44.701354801113794], [12.110223651197469, 44.70137782337653], [12.110234473225901, 44.701388986644986], [12.110236289412892, 44.70140924953022], [12.110256897698951, 44.701425875161895], [12.110283399918504, 44.701429840185625], [12.110330575254993, 44.70142438752349], [12.110355512099796, 44.701412770284996], [12.110373523750933, 44.701394571030676], [12.110386965057476, 44.70137285055174], [12.110395752404209, 44.70134604863736], [12.110396151647985, 44.70132624619001], [12.110380568682533, 44.70129437950006], [12.110369365471312, 44.70124885181557], [12.110348905631355, 44.701207743117656], [12.110328557309609, 44.70116871469831], [12.110306722742605, 44.701129205960086], [12.110289676942527, 44.70111092073076], [12.110267550074438, 44.701106836436175], [12.110235242269301, 44.70110355049803], [12.11018725436817, 44.701107462778815], [12.110126976945038, 44.70112733495657]]]]}}, {"type": "Feature", "properties": {"id": null, "nome": null, "containment_depth": 3, "elevation_cm": -50}, "geometry": {"type": "MultiPolygon", "coordinates": [[[[12.110149328210122, 44.70096526818774], [12.110161381007527, 44.70098577286583], [12.110180307752897, 44.700998277704464], [12.110207845548642, 44.70100794365411], [12.110229833020455, 44.70100942760708], [12.110260180691952, 44.701003392028454], [12.110278187709048, 44.700998734511366], [12.110300096103389, 44.70098511651783], [12.110302794467255, 44.70096733471769], [12.110294048620098, 44.7009540315353], [12.110242075300308, 44.700883573700125], [12.110234286201484, 44.70086086948053], [12.110252413766316, 44.70083120881005], [12.110281284169705, 44.70079760947122], [12.110303568442351, 44.70075012723755], [12.11031409739503, 44.700714944560104], [12.110304919273455, 44.700652695079846], [12.110296596089437, 44.70063365123782], [12.110272509338476, 44.700620245418804], [12.110229486849553, 44.70062141820646], [12.11018965983901, 44.70062771217798], [12.110125964472289, 44.700638302574944], [12.11010231907705, 44.70064675957705], [12.110077015603826, 44.700665157553345], [12.110076504766326, 44.700682879720475], [12.110090187674544, 44.70069292335951], [12.110082050449948, 44.70070460344201], [12.110064967785446, 44.70071288154663], [12.110071860383881, 44.70073248523142], [12.110085566580125, 44.70075659066393], [12.110102305642284, 44.70076915514871], [12.110121079202155, 44.70081968481101], [12.110135537928851, 44.700857832151804], [12.11014772547086, 44.700894478908786], [12.110154418456343, 44.700923983811656], [12.110149328210122, 44.70096526818774]]]]}}, {"type": "Feature", "properties": {"id": null, "nome": null, "containment_depth": 3, "elevation_cm": -50}, "geometry": {"type": "MultiPolygon", "coordinates": [[[[12.110006087510932, 44.7007077157056], [12.110001842356496, 44.70069663355953], [12.110001187445244, 44.7006844118903], [12.109991654471932, 44.70067685927672], [12.109973382778987, 44.700676576071714], [12.109968863643115, 44.70068763669562], [12.109976513270276, 44.70070774058228], [12.109971515751665, 44.70072350172171], [12.109956465067388, 44.70073563065344], [12.109955283044986, 44.700747641977344], [12.109962598257077, 44.700761505012125], [12.109975930501411, 44.70077181863828], [12.109989924583424, 44.70077404134756], [12.110005913481706, 44.700765793067845], [12.110014752057658, 44.70075357304289], [12.110021080245772, 44.70074220269104], [12.11002851616033, 44.70073106255984], [12.11002149586308, 44.70071588941383], [12.110006087510932, 44.7007077157056]]]]}}, {"type": "Feature", "properties": {"id": null, "nome": null, "containment_depth": 3, "elevation_cm": -50}, "geometry": {"type": "MultiPolygon", "coordinates": [[[[12.110066404521074, 44.70048758311958], [12.110030116681786, 44.70047815564338], [12.110011185529647, 44.7004791924966], [12.109977359342697, 44.70048844780876], [12.109962041659367, 44.700502406926624], [12.109961279973088, 44.70051544845502], [12.109983039688405, 44.70052631361605], [12.110013103841615, 44.700528619121805], [12.110062048028116, 44.700515305895664], [12.110082247090487, 44.70049704706053], [12.110066404521074, 44.70048758311958]]]]}}, {"type": "Feature", "properties": {"id": null, "nome": null, "containment_depth": 4, "elevation_cm": -40}, "geometry": {"type": "MultiPolygon", "coordinates": [[[[12.108681853661599, 44.70241776418724], [12.10868591170394, 44.70242278786985], [12.108711390698149, 44.702424525675134], [12.108724801423602, 44.70242024203849], [12.108722441226533, 44.70240801117143], [12.108717838619363, 44.702399894756056], [12.108707972825577, 44.70239962311604], [12.108694824814064, 44.702401737803875], [12.108685021520701, 44.70240970627895], [12.108681853661599, 44.70241776418724]]]]}}, {"type": "Feature", "properties": {"id": null, "nome": null, "containment_depth": 4, "elevation_cm": -40}, "geometry": {"type": "MultiPolygon", "coordinates": [[[[12.109141633560382, 44.70413598946245], [12.109124474245826, 44.70414121240142], [12.109115427989003, 44.704154261766995], [12.10910374260645, 44.704165919864074], [12.1091064337262, 44.70418742848761], [12.109113679013735, 44.704198204930364], [12.10914387740562, 44.704197016226985], [12.109171674857816, 44.70418930861668], [12.109183418941436, 44.7041787463006], [12.109186968323945, 44.704168407293785], [12.109186795534441, 44.70415560914705], [12.109187408896583, 44.704147910719406], [12.109169545059045, 44.704139984212574], [12.109141633560382, 44.70413598946245]]]]}}, {"type": "Feature", "properties": {"id": null, "nome": null, "containment_depth": 4, "elevation_cm": -40}, "geometry": {"type": "MultiPolygon", "coordinates": [[[[12.109078018325059, 44.70363072988074], [12.109069154986209, 44.70362804503566], [12.10905877135741, 44.703635278106], [12.109057782799313, 44.70364554732856], [12.109084274978773, 44.70365177555096], [12.109105586814538, 44.703657047543146], [12.109113801009336, 44.703657189503275], [12.109118726955623, 44.70365339731269], [12.109106399239895, 44.70364349095675], [12.109095193702633, 44.703635382999856], [12.109078018325059, 44.70363072988074]]]]}}, {"type": "Feature", "properties": {"id": null, "nome": null, "containment_depth": 4, "elevation_cm": -40}, "geometry": {"type": "MultiPolygon", "coordinates": [[[[12.108728548848722, 44.7026289637148], [12.108702374994808, 44.702635849664645], [12.108677173520448, 44.70265011648269], [12.108663627603457, 44.70266653485158], [12.108635985459818, 44.702689098567355], [12.108616167626751, 44.70270692237441], [12.108613653181196, 44.70273538579118], [12.108631000610071, 44.702746847242615], [12.10866259836198, 44.70275503978586], [12.108706919880449, 44.70275300915493], [12.108726847760535, 44.702737239935914], [12.108735149774938, 44.702698330814734], [12.108737958034963, 44.70265381009304], [12.108728548848722, 44.7026289637148]]]]}}, {"type": "Feature", "properties": {"id": null, "nome": null, "containment_depth": 4, "elevation_cm": -40}, "geometry": {"type": "MultiPolygon", "coordinates": [[[[12.1089441593956, 44.701973709609895], [12.108928848832626, 44.70196795399039], [12.108908837044346, 44.70197137991855], [12.108889041543595, 44.70198961468646], [12.108885128929654, 44.70202428901574], [12.108897147089893, 44.702065525112], [12.108903939552144, 44.70209538102419], [12.108919048199445, 44.702108137996554], [12.108941628869273, 44.70210958031423], [12.10896724830184, 44.70210312093677], [12.108971175240551, 44.702090256798925], [12.108966907553407, 44.70206444729874], [12.108963149999422, 44.7020373893365], [12.108965154133063, 44.70201017437633], [12.108971983921457, 44.70199764266019], [12.108963811323381, 44.701985108217876], [12.1089441593956, 44.701973709609895]]]]}}, {"type": "Feature", "properties": {"id": null, "nome": null, "containment_depth": 4, "elevation_cm": -40}, "geometry": {"type": "MultiPolygon", "coordinates": [[[[12.108875000759289, 44.70181098586479], [12.108869753066667, 44.70179919475907], [12.108859738115678, 44.7017953524388], [12.108802679495813, 44.70178579608594], [12.108761841591736, 44.70177744382481], [12.108693061580787, 44.70176450310255], [12.108621422779258, 44.70175205174861], [12.10858465820823, 44.70175511101681], [12.108566040914184, 44.70176302561665], [12.10855321759406, 44.701803703994855], [12.108565459467574, 44.70183834970482], [12.108578281419614, 44.70186228007674], [12.108611541145587, 44.7018691927931], [12.108647285518101, 44.70186863043515], [12.108724003785689, 44.70186818624061], [12.108748312860248, 44.70186958150379], [12.108796512784254, 44.701864564521124], [12.108846441199576, 44.7018595004209], [12.108868383409144, 44.70184902605609], [12.108877073776888, 44.7018389127716], [12.108879628262553, 44.70182197082812], [12.108875000759289, 44.70181098586479]]]]}}, {"type": "Feature", "properties": {"id": null, "nome": null, "containment_depth": 4, "elevation_cm": -40}, "geometry": {"type": "MultiPolygon", "coordinates": [[[[12.108609208965708, 44.70142707757788], [12.108558493684773, 44.701433603334024], [12.10851466838098, 44.70144487959882], [12.108481689157198, 44.70145935827709], [12.108467602253972, 44.701471058878134], [12.108469434911209, 44.70148911585036], [12.10849348875586, 44.701491135402385], [12.108523704321781, 44.70148969491127], [12.108573234314344, 44.70148258418325], [12.108623507480939, 44.70147318982278], [12.108673861550056, 44.70145453402482], [12.108676526138574, 44.70143964668766], [12.108664872759313, 44.701432145306335], [12.108609208965708, 44.70142707757788]]]]}}, {"type": "Feature", "properties": {"id": null, "nome": null, "containment_depth": 4, "elevation_cm": -40}, "geometry": {"type": "MultiPolygon", "coordinates": [[[[12.107655188627286, 44.6996931987191], [12.107634328788462, 44.69969963104647], [12.107631611413066, 44.69972161853039], [12.107629195290658, 44.699781560582615], [12.107624905278376, 44.699830751257984], [12.107627370156667, 44.69986062224452], [12.10763981389827, 44.69991522131252], [12.107651590284506, 44.69993311034456], [12.107686694578561, 44.69996641328954], [12.107706766679732, 44.699977594913136], [12.107721078925305, 44.699970106352204], [12.10773007991782, 44.6999442440304], [12.107735330026097, 44.69990490369471], [12.107735259727942, 44.69987126380252], [12.107708419975967, 44.69978218048846], [12.107701567953935, 44.69975119443652], [12.10769454480083, 44.69973317594355], [12.107685449736069, 44.69970070778289], [12.107674250952998, 44.69969360543685], [12.107655188627286, 44.6996931987191]]]]}}, {"type": "Feature", "properties": {"id": null, "nome": null, "containment_depth": 4, "elevation_cm": -40}, "geometry": {"type": "MultiPolygon", "coordinates": [[[[12.10836816403998, 44.699552481431056], [12.108352723681, 44.69955506255995], [12.108314923274898, 44.69957646262672], [12.108317630117535, 44.69962700591669], [12.108341388837252, 44.69969086450952], [12.108360827817451, 44.69970638423248], [12.108386137743889, 44.699710324311056], [12.108425281092641, 44.69969783820668], [12.108439213539153, 44.69968326117248], [12.108447980132356, 44.699661108864426], [12.108440833588546, 44.69961655070136], [12.108436920473897, 44.699591966074905], [12.108419041929906, 44.69958134209959], [12.108396512198084, 44.69956467202775], [12.10836816403998, 44.699552481431056]]]]}}, {"type": "Feature", "properties": {"id": null, "nome": null, "containment_depth": 4, "elevation_cm": -40}, "geometry": {"type": "MultiPolygon", "coordinates": [[[[12.109909036886725, 44.699481788932594], [12.109890965476346, 44.69945141745712], [12.10984363740956, 44.69944036183684], [12.109832198943144, 44.69945301922406], [12.10984814557873, 44.699476041251906], [12.109857073907264, 44.69951345203167], [12.109870323324518, 44.699550745032774], [12.10989301859313, 44.69957049670519], [12.109927812897466, 44.69958991858985], [12.109954867805387, 44.69959411939716], [12.10996843652827, 44.699572762000415], [12.10994771185605, 44.6995251789908], [12.10993027343437, 44.6994904693021], [12.109909036886725, 44.699481788932594]]]]}}, {"type": "Feature", "properties": {"id": null, "nome": null, "containment_depth": 4, "elevation_cm": -40}, "geometry": {"type": "MultiPolygon", "coordinates": [[[[12.111139742907424, 44.703822828300595], [12.11112475784988, 44.70382786651173], [12.111117636116532, 44.70384032915457], [12.11112068744862, 44.70384881071977], [12.111139070820542, 44.7038587260581], [12.111156196869645, 44.70386335163333], [12.111174472544722, 44.70385914961036], [12.11118484579276, 44.70385284826686], [12.111192527067473, 44.703844768486015], [12.111191957029684, 44.70383413594063], [12.111174995905076, 44.70382047814572], [12.111162194748617, 44.703817817964435], [12.111139742907424, 44.703822828300595]]]]}}, {"type": "Feature", "properties": {"id": null, "nome": null, "containment_depth": 4, "elevation_cm": -40}, "geometry": {"type": "MultiPolygon", "coordinates": [[[[12.110351423142353, 44.70135350706289], [12.110301108074594, 44.70135487867886], [12.110275021693056, 44.70136548558074], [12.110271526696048, 44.70137521622105], [12.110278616826404, 44.701391689523184], [12.110285667422174, 44.70140061185864], [12.110308089326798, 44.701403386030165], [12.110330188439374, 44.70140695024271], [12.11034220864029, 44.701399591351155], [12.11035078018438, 44.7013892014877], [12.110354962564251, 44.701378670860464], [12.110358137014536, 44.701362959403866], [12.110351423142353, 44.70135350706289]]]]}}, {"type": "Feature", "properties": {"id": null, "nome": null, "containment_depth": 4, "elevation_cm": -40}, "geometry": {"type": "MultiPolygon", "coordinates": [[[[12.110260568948316, 44.70122525529485], [12.110302217093947, 44.701225682452204], [12.110328918857817, 44.701219746243915], [12.110336944610049, 44.70120598586079], [12.11032882096059, 44.70117704080113], [12.110308300897833, 44.70114843367238], [12.11027319229228, 44.70113376582199], [12.110218673986333, 44.70112483536931], [12.110174894049866, 44.7011255079536], [12.110152144890906, 44.701137065518736], [12.110139711448856, 44.70116396680366], [12.110152804635842, 44.701176630662786], [12.11019332423148, 44.70119688018708], [12.110228377115053, 44.70121050791967], [12.110260568948316, 44.70122525529485]]]]}}, {"type": "Feature", "properties": {"id": null, "nome": null, "containment_depth": 4, "elevation_cm": -40}, "geometry": {"type": "MultiPolygon", "coordinates": [[[[12.11020419220959, 44.70094658522629], [12.110200546215337, 44.70094668461413], [12.11017586493541, 44.70094944073175], [12.110159845856806, 44.70096393982558], [12.110159307176737, 44.70098114192076], [12.110196719305502, 44.70098428873983], [12.11024955610794, 44.7009890983957], [12.110278162110038, 44.70099144358021], [12.11029693073313, 44.70097374453262], [12.110290260997493, 44.70095830143195], [12.110278849201183, 44.700949758398544], [12.110234651335182, 44.70094262993887], [12.11020419220959, 44.70094658522629]]]]}}, {"type": "Feature", "properties": {"id": null, "nome": null, "containment_depth": 4, "elevation_cm": -40}, "geometry": {"type": "MultiPolygon", "coordinates": [[[[12.110230667043908, 44.70069794814233], [12.110222622581999, 44.70068410500378], [12.110214861392219, 44.70066192085214], [12.11021758308, 44.700658200845446], [12.110247986312665, 44.70065320541666], [12.11027179891323, 44.70064786881029], [12.110285124068977, 44.700637609782376], [12.11027163623831, 44.700631206663545], [12.110251023687223, 44.70062812274631], [12.110228418647473, 44.70062873895465], [12.110194397321143, 44.70063435383593], [12.110179869162476, 44.70063579152491], [12.110160236638023, 44.70063736835245], [12.110132076729364, 44.700643344268784], [12.110114237025233, 44.70065112218619], [12.110100210509271, 44.70066192114285], [12.110096699288334, 44.70067816260418], [12.110099834435829, 44.700695785387175], [12.110099128519336, 44.70070986705732], [12.110094553666608, 44.700719887543585], [12.110106067691811, 44.70075759432609], [12.110111302242812, 44.70078713898688], [12.110122514310332, 44.7008055832641], [12.110142397722274, 44.70080868708002], [12.11017841165522, 44.70079937208284], [12.110208030027188, 44.70079335639815], [12.110238656297279, 44.700792521537245], [12.11024805224419, 44.70079070291357], [12.110255822571196, 44.700785803619446], [12.110258859946159, 44.700760720949305], [12.110244679874652, 44.70072777433425], [12.110230667043908, 44.70069794814233]]]]}}, {"type": "Feature", "properties": {"id": null, "nome": null, "containment_depth": 4, "elevation_cm": -40}, "geometry": {"type": "MultiPolygon", "coordinates": [[[[12.10999560709472, 44.700723365881935], [12.109978540654993, 44.700725133148055], [12.109964878693905, 44.70073592215112], [12.109963824391112, 44.7007435029332], [12.109974114437286, 44.700751555743864], [12.109989778228893, 44.70075086837254], [12.110001881949424, 44.700745069731816], [12.110008460957289, 44.70073838001982], [12.110004327274341, 44.70072937815807], [12.10999560709472, 44.700723365881935]]]]}}, {"type": "Feature", "properties": {"id": null, "nome": null, "containment_depth": 4, "elevation_cm": -40}, "geometry": {"type": "MultiPolygon", "coordinates": [[[[12.110053613469681, 44.70049418174869], [12.110027980230173, 44.70049279713755], [12.110001283377894, 44.70048519154416], [12.10997626324205, 44.700495248484465], [12.109974071040108, 44.70050884983588], [12.109985649912437, 44.70052051333035], [12.110004915499868, 44.700525717333555], [12.110029429398848, 44.70051984083131], [12.11004864385624, 44.70051046296194], [12.110059163724847, 44.700502363749706], [12.110053613469681, 44.70049418174869]]]]}}, {"type": "Feature", "properties": {"id": null, "nome": null, "containment_depth": 5, "elevation_cm": -30}, "geometry": {"type": "MultiPolygon", "coordinates": [[[[12.108942612358977, 44.703130535701746], [12.108900928360278, 44.703137524251105], [12.10887986771126, 44.703146511416506], [12.108874615098195, 44.70318250253827], [12.108871889259579, 44.70331353174684], [12.108878777932969, 44.70338467424696], [12.108892537404913, 44.70341173402288], [12.108930668820156, 44.70342459525729], [12.108969178820209, 44.703425374898295], [12.10901038998948, 44.703419130800015], [12.109055287498123, 44.703405104522446], [12.109079049369184, 44.70338909359554], [12.109084357207143, 44.703363709041675], [12.109080074326949, 44.703331635709006], [12.109060550778873, 44.703283151065044], [12.10903601969788, 44.703246508338], [12.108992134552343, 44.703183689881364], [12.108971364790513, 44.703150236811474], [12.108958251097816, 44.70313523071283], [12.108942612358977, 44.703130535701746]]]]}}, {"type": "Feature", "properties": {"id": null, "nome": null, "containment_depth": 5, "elevation_cm": -30}, "geometry": {"type": "MultiPolygon", "coordinates": [[[[12.10869519557144, 44.70269571573917], [12.108676071727801, 44.702694179188015], [12.108645178377278, 44.70269913611013], [12.108621195246702, 44.70271460428223], [12.10861966094318, 44.70272904930011], [12.108641507719545, 44.702738330560486], [12.108672331186238, 44.7027428405132], [12.108706193483682, 44.70273944877258], [12.108717166695648, 44.70272886178176], [12.108718058763111, 44.70271319969994], [12.108714253379796, 44.702696019525085], [12.10869519557144, 44.70269571573917]]]]}}, {"type": "Feature", "properties": {"id": null, "nome": null, "containment_depth": 5, "elevation_cm": -30}, "geometry": {"type": "MultiPolygon", "coordinates": [[[[12.108870369415484, 44.70181070053815], [12.108852090022047, 44.701803379720225], [12.108820911001992, 44.70180299470794], [12.108785984971432, 44.7018080615482], [12.108741128168129, 44.70182162936762], [12.1087308633589, 44.70183466618315], [12.10873976613241, 44.70185006139095], [12.108750111260393, 44.70186006753254], [12.108766930161194, 44.701861666874045], [12.108789382517855, 44.70184994406315], [12.10882069748742, 44.70184209497039], [12.108850526083897, 44.70183881309427], [12.108865022144252, 44.70182936466036], [12.108870369415484, 44.70181070053815]]]]}}, {"type": "Feature", "properties": {"id": null, "nome": null, "containment_depth": 5, "elevation_cm": -30}, "geometry": {"type": "MultiPolygon", "coordinates": [[[[12.108573258971585, 44.7014453409071], [12.108550522544453, 44.701446371882604], [12.108537922039634, 44.70145350527011], [12.108531347280568, 44.701465412732155], [12.108532497652869, 44.70147073115688], [12.108550910913655, 44.70147516773585], [12.108566267280157, 44.70147639543332], [12.108578834770924, 44.701468645661436], [12.108589110559903, 44.701455814320134], [12.1085921933644, 44.70144873447986], [12.108573258971585, 44.7014453409071]]]]}}, {"type": "Feature", "properties": {"id": null, "nome": null, "containment_depth": 5, "elevation_cm": -30}, "geometry": {"type": "MultiPolygon", "coordinates": [[[[12.10767141007711, 44.699777941653714], [12.107660643390389, 44.69977082753732], [12.107640120858207, 44.699807806081495], [12.107655910216302, 44.69989256078595], [12.107671810884625, 44.69994706569354], [12.107693410339273, 44.699962526684665], [12.107707402929796, 44.69996523196617], [12.10771997633393, 44.699941432824396], [12.107712948871532, 44.6998910072052], [12.107704754050305, 44.69985110715592], [12.10769310235845, 44.69981130126209], [12.10767141007711, 44.699777941653714]]]]}}, {"type": "Feature", "properties": {"id": null, "nome": null, "containment_depth": 5, "elevation_cm": -30}, "geometry": {"type": "MultiPolygon", "coordinates": [[[[12.110336794993607, 44.701359895388556], [12.110314582144955, 44.701361021753314], [12.110290936490516, 44.70136947880105], [12.110287597059669, 44.70137529897146], [12.110297648087434, 44.70138570200562], [12.110307785001174, 44.70139089439142], [12.110328356019727, 44.701393198184206], [12.110341734811257, 44.70139075014758], [12.110347654324608, 44.70138538047134], [12.110353771204652, 44.70137688043069], [12.110354853335652, 44.70136981971763], [12.110354477058495, 44.70136279876189], [12.110336794993607, 44.701359895388556]]]]}}, {"type": "Feature", "properties": {"id": null, "nome": null, "containment_depth": 5, "elevation_cm": -30}, "geometry": {"type": "MultiPolygon", "coordinates": [[[[12.110299573816114, 44.70116273400269], [12.110270672806427, 44.701161698942165], [12.110248276593717, 44.7011662156916], [12.110233058632849, 44.701175224235406], [12.110226070920127, 44.7011879146534], [12.110233007720685, 44.70120152757004], [12.110249426427432, 44.701208111212985], [12.110273446017558, 44.70121344599189], [12.11029309266782, 44.70121212917505], [12.110301956848438, 44.701207200059294], [12.110308677496764, 44.70119633982415], [12.110312130670598, 44.70118582907664], [12.11031226062816, 44.701174627675414], [12.110299573816114, 44.70116273400269]]]]}}, {"type": "Feature", "properties": {"id": null, "nome": null, "containment_depth": 5, "elevation_cm": -30}, "geometry": {"type": "MultiPolygon", "coordinates": [[[[12.110306614985262, 44.70115785458236], [12.110269525533639, 44.7011539177574], [12.110239400754562, 44.7011641139075], [12.110225318401856, 44.701173872739794], [12.110217490001798, 44.701184502751595], [12.110230750436811, 44.70120028702638], [12.11025513234953, 44.70121238273051], [12.110271355961311, 44.70121532587415], [12.11029474617394, 44.70121572991445], [12.110309697085423, 44.701208551549534], [12.11031756954553, 44.70119193077809], [12.110318233600573, 44.701177069002696], [12.110306614985262, 44.70115785458236]]]]}}, {"type": "Feature", "properties": {"id": null, "nome": null, "containment_depth": 5, "elevation_cm": -30}, "geometry": {"type": "MultiPolygon", "coordinates": [[[[12.110175197000109, 44.70068487696689], [12.1101720618306, 44.70066725418655], [12.110159247460013, 44.70065979103512], [12.110141235955325, 44.70067799025314], [12.110134023027065, 44.700693290958704], [12.110139540863461, 44.700714494605826], [12.110126406168742, 44.700741935836675], [12.110121854604118, 44.70076601811697], [12.110122746435371, 44.70078266038782], [12.110127033424538, 44.700794522634844], [12.110156958370688, 44.70079422774383], [12.110193195255171, 44.700789073309735], [12.110222251647198, 44.700786197924494], [12.110242446191455, 44.7007814807818], [12.110249320095885, 44.70077348094047], [12.11025008171751, 44.70076043941234], [12.110243384151053, 44.700744476236544], [12.110235901651011, 44.70072749279605], [12.11022023077775, 44.700707607583205], [12.110175197000109, 44.70068487696689]]]]}}, {"type": "Feature", "properties": {"id": null, "nome": null, "containment_depth": 6, "elevation_cm": -20}, "geometry": {"type": "MultiPolygon", "coordinates": [[[[12.10900881186674, 44.70335616545812], [12.108997733595448, 44.70335043169679], [12.108982221989242, 44.703348110900485], [12.108959394867497, 44.70335284811267], [12.108951369811358, 44.70336102284445], [12.1089454267965, 44.70337215865952], [12.10896072786123, 44.703384910381025], [12.108977034534012, 44.70339489122969], [12.1089891037365, 44.703397580175086], [12.109004723160131, 44.70338755242086], [12.109012897510071, 44.70337498406639], [12.109015160741432, 44.70336696633465], [12.10900881186674, 44.70335616545812]]]]}}, {"type": "Feature", "properties": {"id": null, "nome": null, "containment_depth": 6, "elevation_cm": -20}, "geometry": {"type": "MultiPolygon", "coordinates": [[[[12.108954629194452, 44.70314182228182], [12.108949390190002, 44.70313977026128], [12.108931395267511, 44.70314135798155], [12.108922873599877, 44.703147442916816], [12.108922530761403, 44.70316976580927], [12.108931801754464, 44.70317527447641], [12.108945201076551, 44.703176463999384], [12.108955380678742, 44.7031749977841], [12.10896277529427, 44.70316702312843], [12.108964200950913, 44.70316012560793], [12.108962898632488, 44.70315257082908], [12.108954629194452, 44.70314182228182]]]]}}, {"type": "Feature", "properties": {"id": null, "nome": null, "containment_depth": 6, "elevation_cm": -20}, "geometry": {"type": "MultiPolygon", "coordinates": [[[[12.108814011312226, 44.701824993290806], [12.108807919465837, 44.701818986469725], [12.108784740733013, 44.701817148900346], [12.10875324967815, 44.70182171061723], [12.108741036255848, 44.70183068532228], [12.108745795805461, 44.70184413581606], [12.10876250078104, 44.70185438019217], [12.10878475117116, 44.70184965873311], [12.108806139234195, 44.701839610999585], [12.108814011312226, 44.701824993290806]]]]}}, {"type": "Feature", "properties": {"id": null, "nome": null, "containment_depth": 7, "elevation_cm": -10}, "geometry": {"type": "MultiPolygon", "coordinates": [[[[12.109003343577925, 44.703361801401854], [12.108992722808875, 44.70335742690825], [12.108973783463393, 44.70335574820652], [12.108960840754664, 44.70335829565288], [12.10895572722971, 44.703363373233685], [12.108961557348556, 44.703378852146294], [12.108971099136788, 44.70338462777821], [12.108987334966127, 44.70338610580106], [12.109002036845729, 44.70338049259996], [12.109006012680638, 44.7033757203649], [12.109003343577925, 44.703361801401854]]]]}}, {"type": "Feature", "properties": {"id": null, "nome": null, "containment_depth": 8, "elevation_cm": 0}, "geometry": {"type": "MultiPolygon", "coordinates": [[[[12.10899242420963, 44.703366214146406], [12.108973188797627, 44.703366189593645], [12.108971561716661, 44.703371720867956], [12.10897336237427, 44.70337661004713], [12.108983821706097, 44.7033779711253], [12.108999394561177, 44.70337425462002], [12.10899242420963, 44.703366214146406]]]]}}]}