{
"type": "FeatureCollection",
"name": "valle_trebba_dossi_poligoni",
"crs": { "type": "name", "properties": { "name": "urn:ogc:def:crs:OGC:1.3:CRS84" } },
"features": [
{ "type": "Feature", "properties": { "id": 1, "nome": "III.A" }, "geometry": { "type": "MultiPolygon", "coordinates": [ [ [ [ 12.111588489799606, 44.715201390929224 ], [ 12.111578507897553, 44.715337027936698 ], [ 12.111595356871804, 44.71544217475175 ], [ 12.111777351808309, 44.715431739710716 ], [ 12.111946661131524, 44.715439797822697 ], [ 12.11213085970674, 44.715427169329075 ], [ 12.112302496999598, 44.715412348097018 ], [ 12.112252766572102, 44.715280615027467 ], [ 12.112212515827673, 44.715123531912361 ], [ 12.112124105345409, 44.71497839023877 ], [ 12.112086260676138, 44.714949241075857 ], [ 12.112016290311477, 44.714922405219852 ], [ 12.111928946330197, 44.714922391837923 ], [ 12.111800725580681, 44.714936906981777 ], [ 12.111718664103739, 44.714960223707408 ], [ 12.111693936156954, 44.714987725799539 ], [ 12.111632451635028, 44.715056471861828 ], [ 12.111591760803931, 44.715137106658759 ], [ 12.111588489799606, 44.715201390929224 ] ] ] ] } },
{ "type": "Feature", "properties": { "id": 2, "nome": "III.B" }, "geometry": { "type": "MultiPolygon", "coordinates": [ [ [ [ 12.112462387399088, 44.715178566373744 ], [ 12.112562876543068, 44.715196105748603 ], [ 12.112703367505727, 44.715230299149262 ], [ 12.112871182286124, 44.715210511255876 ], [ 12.1129051307271, 44.715147476787294 ], [ 12.112941452260081, 44.715054474937027 ], [ 12.112866259201224, 44.714895820847552 ], [ 12.11277882421102, 44.714817722555452 ], [ 12.11269137433454, 44.714791938801248 ], [ 12.112592160962398, 44.714783578565722 ], [ 12.112490176125815, 44.714802456979157 ], [ 12.112389915734534, 44.714853481621212 ], [ 12.112383287134458, 44.714914024951398 ], [ 12.112384511241256, 44.714989444735771 ], [ 12.112462387399088, 44.715178566373744 ] ] ] ] } },
{ "type": "Feature", "properties": { "id": null, "nome": "II.B DOSSO FELLETTI" }, "geometry": { "type": "MultiPolygon", "coordinates": [ [ [ [ 12.111022807082284, 44.712417748935813 ], [ 12.111083000594004, 44.712435222449244 ], [ 12.111160431187509, 44.712432105060259 ], [ 12.111423439301909, 44.712443041834199 ], [ 12.111680666332983, 44.712398803322081 ], [ 12.111863888442759, 44.712316340967178 ], [ 12.111925460269752, 44.712254299076143 ], [ 12.111942828008644, 44.712157245283215 ], [ 12.111921465393243, 44.712022012185422 ], [ 12.111868778320837, 44.711907754287111 ], [ 12.111805721501433, 44.711863196128327 ], [ 12.111731171051263, 44.711841084339035 ], [ 12.111461991705905, 44.711820256139987 ], [ 12.111155728573399, 44.711870861495122 ], [ 12.111151448316857, 44.711869972165921 ], [ 12.11101554121136, 44.711913919687426 ], [ 12.110881411526984, 44.711991017992439 ], [ 12.11082974602258, 44.712079952377422 ], [ 12.110860491187315, 44.712179718370344 ], [ 12.110871575298237, 44.712254869356116 ], [ 12.110952213252784, 44.712390498541033 ], [ 12.111022807082284, 44.712417748935813 ] ] ] ] } },
{ "type": "Feature", "properties": { "id": null, "nome": "DOSSO BARCAROLI" }, "geometry": { "type": "MultiPolygon", "coordinates": [ [ [ [ 12.108784435418276, 44.709981761825738 ], [ 12.108857573668407, 44.710003914030608 ], [ 12.108889122888678, 44.709960800579168 ], [ 12.108872166743584, 44.709644359065976 ], [ 12.108821401208981, 44.709328838759973 ], [ 12.108675884030376, 44.708982700649614 ], [ 12.108548831752723, 44.708823183279229 ], [ 12.108456663238481, 44.708840785017657 ], [ 12.108405731111391, 44.708996097200455 ], [ 12.108397706541977, 44.709162312923539 ], [ 12.108437946342148, 44.70936041315759 ], [ 12.108543194535113, 44.709586923531184 ], [ 12.108689547863381, 44.709869658296952 ], [ 12.108784435418276, 44.709981761825738 ] ] ] ] } },
{ "type": "Feature", "properties": { "id": null, "nome": "II.C" }, "geometry": { "type": "MultiPolygon", "coordinates": [ [ [ [ 12.109997493588754, 44.708904807734434 ], [ 12.110119938649341, 44.708938819445947 ], [ 12.110276159312722, 44.708951537930751 ], [ 12.110425808007118, 44.708930481409872 ], [ 12.110497870816806, 44.708883244911725 ], [ 12.110480335806237, 44.708822605835472 ], [ 12.110456876127177, 44.70879947762198 ], [ 12.110427147395413, 44.708748225345914 ], [ 12.110385598042321, 44.708683713723971 ], [ 12.110317400342613, 44.708655014289789 ], [ 12.110253583960972, 44.708648831349777 ], [ 12.110082909353336, 44.708662538191142 ], [ 12.109964896798534, 44.708681600148267 ], [ 12.109917100381987, 44.708707802511491 ], [ 12.109916293208199, 44.708751964652933 ], [ 12.109923157951732, 44.708820817246661 ], [ 12.10994801069074, 44.708869938963531 ], [ 12.109997493588754, 44.708904807734434 ] ] ] ] } },
{ "type": "Feature", "properties": { "id": null, "nome": "II.A" }, "geometry": { "type": "MultiPolygon", "coordinates": [ [ [ [ 12.111317856344558, 44.710739879729957 ], [ 12.111440999289032, 44.71073377022465 ], [ 12.111534962258681, 44.710687185130737 ], [ 12.111671622378328, 44.710573401539676 ], [ 12.111665984013372, 44.710108566069941 ], [ 12.111626217075019, 44.709798740620187 ], [ 12.111372914671497, 44.709032500522156 ], [ 12.111214600938302, 44.708742416066549 ], [ 12.111190770564566, 44.708657771977741 ], [ 12.111021512697413, 44.708307454505857 ], [ 12.110968811085103, 44.708153867942876 ], [ 12.110831203333472, 44.707996230567836 ], [ 12.110678446329301, 44.707953621308164 ], [ 12.110610413181741, 44.707930482922791 ], [ 12.110456454943851, 44.70793743163302 ], [ 12.110348150206281, 44.707981885831487 ], [ 12.110300693285666, 44.708104241857995 ], [ 12.110320056865405, 44.708249539067673 ], [ 12.110330537000099, 44.708373067109328 ], [ 12.110364156654059, 44.70842442752182 ], [ 12.110390489497943, 44.708555777643461 ], [ 12.110501287053477, 44.708679322268026 ], [ 12.110540674503245, 44.708766293794383 ], [ 12.110630124122741, 44.708923437279253 ], [ 12.110632605101879, 44.70904168053287 ], [ 12.110697908006355, 44.709180222362555 ], [ 12.110702474291864, 44.709265391765079 ], [ 12.110720886938893, 44.709608816758617 ], [ 12.110789578814666, 44.709810548692737 ], [ 12.110821975824324, 44.709983004590178 ], [ 12.110877025171211, 44.71021812541219 ], [ 12.110986898188482, 44.710468259863049 ], [ 12.111038582763106, 44.710568652975617 ], [ 12.111113973738322, 44.710679405313172 ], [ 12.111317856344558, 44.710739879729957 ] ] ] ] } },
{ "type": "Feature", "properties": { "id": null, "nome": "II.D" }, "geometry": { "type": "MultiPolygon", "coordinates": [ [ [ [ 12.110393980732937, 44.70716942711617 ], [ 12.110346314284767, 44.707179897938694 ], [ 12.11029938416919, 44.707204105752304 ], [ 12.110273070876874, 44.707241050045653 ], [ 12.110270515227336, 44.707277346699726 ], [ 12.110303276054083, 44.707384676021917 ], [ 12.110358031393069, 44.707446465940755 ], [ 12.110387171403092, 44.707450257249683 ], [ 12.110509047879107, 44.707444641848468 ], [ 12.110580128577183, 44.707427112649988 ], [ 12.110616216679251, 44.707404576017346 ], [ 12.110634664352405, 44.707328867685504 ], [ 12.110635461453215, 44.707307751759288 ], [ 12.110626827306636, 44.707278638709468 ], [ 12.110616712591279, 44.707245897468205 ], [ 12.110572570543212, 44.707202161103581 ], [ 12.110551806349678, 44.707186677259621 ], [ 12.11047836558364, 44.707172170918795 ], [ 12.110446632771446, 44.707167991747596 ], [ 12.110393980732937, 44.70716942711617 ] ] ] ] } },
{ "type": "Feature", "properties": { "id": null, "nome": "II.E" }, "geometry": { "type": "MultiPolygon", "coordinates": [ [ [ [ 12.109848633532213, 44.70618461113142 ], [ 12.109857442912924, 44.706205006647487 ], [ 12.109882676636413, 44.706219910226316 ], [ 12.109913124718272, 44.706224124573346 ], [ 12.109936338047545, 44.706225326124581 ], [ 12.109969407576658, 44.706218463335006 ], [ 12.110001147838457, 44.706198796822214 ], [ 12.110012860661689, 44.706177383359062 ], [ 12.110023922832422, 44.706107837830629 ], [ 12.110012773939751, 44.706067787607807 ], [ 12.109993842407455, 44.706038496619477 ], [ 12.109960731920943, 44.70602059777832 ], [ 12.109884622243312, 44.706016252328567 ], [ 12.109850342266839, 44.706024523794625 ], [ 12.109830629894576, 44.706040652444948 ], [ 12.109818692126323, 44.706069867702773 ], [ 12.109818630929041, 44.706104720654437 ], [ 12.109826941404451, 44.706139803995946 ], [ 12.109848633532213, 44.70618461113142 ] ] ] ] } },
{ "type": "Feature", "properties": { "id": null, "nome": "II.G" }, "geometry": { "type": "MultiPolygon", "coordinates": [ [ [ [ 12.116675968149821, 44.708465421555154 ], [ 12.116716708366114, 44.708505579915695 ], [ 12.116765803811372, 44.708509741611373 ], [ 12.116842069757562, 44.708492983999022 ], [ 12.116844205704982, 44.708436980188289 ], [ 12.11678357818537, 44.708313905518295 ], [ 12.116757205199576, 44.70830178601166 ], [ 12.116727569904706, 44.708300761279588 ], [ 12.116684693730358, 44.708316606731167 ], [ 12.116661277513858, 44.708335589150678 ], [ 12.116652479565731, 44.708363343638766 ], [ 12.116650146662616, 44.708415684271721 ], [ 12.116675968149821, 44.708465421555154 ] ] ] ] } },
{ "type": "Feature", "properties": { "id": null, "nome": null }, "geometry": { "type": "MultiPolygon", "coordinates": [ [ [ [ 12.116465471142543, 44.701816410125772 ], [ 12.116538187592784, 44.701733715618438 ], [ 12.116588785024291, 44.701622276795369 ], [ 12.116577375403589, 44.701409812090141 ], [ 12.11648894429627, 44.701104068707266 ], [ 12.116312434270348, 44.700690674235489 ], [ 12.116160163685743, 44.700537085103704 ], [ 12.116087667265935, 44.70052805941063 ], [ 12.116025398014537, 44.70070951940081 ], [ 12.116034006736689, 44.70106146588973 ], [ 12.116108819229703, 44.701305216084322 ], [ 12.116282379433105, 44.701663663038964 ], [ 12.116465471142543, 44.701816410125772 ] ] ] ] } },
{ "type": "Feature", "properties": { "id": null, "nome": "I.U" }, "geometry": { "type": "MultiPolygon", "coordinates": [ [ [ [ 12.116644495112588, 44.698564845670724 ], [ 12.116593402909304, 44.698583208381301 ], [ 12.116587816150023, 44.698610875181657 ], [ 12.116599361229722, 44.698658251092489 ], [ 12.116624320027935, 44.698680039250618 ], [ 12.116643875093251, 44.698685007925015 ], [ 12.116679581237904, 44.698679446871097 ], [ 12.116696300543969, 44.698667525912192 ], [ 12.116696109255813, 44.69864001694269 ], [ 12.116686066681849, 44.698608649945704 ], [ 12.116679897990453, 44.698589558515309 ], [ 12.11666138379219, 44.698568052897492 ], [ 12.116644495112588, 44.698564845670724 ] ] ] ] } },
{ "type": "Feature", "properties": { "id": null, "nome": "I.S" }, "geometry": { "type": "MultiPolygon", "coordinates": [ [ [ [ 12.112957825466923, 44.69893558877569 ], [ 12.112942035046446, 44.698976832317008 ], [ 12.112954836712136, 44.699023715742946 ], [ 12.112980380302936, 44.699068417239673 ], [ 12.113037069932552, 44.699082461891962 ], [ 12.113072678487628, 44.699075070352059 ], [ 12.113101375761365, 44.699058695976703 ], [ 12.11311627159761, 44.699036736758707 ], [ 12.113117341448147, 44.699008734803357 ], [ 12.113099308814771, 44.698948237024695 ], [ 12.113081785082285, 44.698921200961387 ], [ 12.11306324406125, 44.698911159738437 ], [ 12.11302045421057, 44.698904531544102 ], [ 12.112991809572003, 44.698909898785274 ], [ 12.112957825466923, 44.69893558877569 ] ] ] ] } },
{ "type": "Feature", "properties": { "id": null, "nome": "I.T" }, "geometry": { "type": "MultiPolygon", "coordinates": [ [ [ [ 12.111928448179286, 44.698707328688805 ], [ 12.111877136990715, 44.698709645308924 ], [ 12.111840187965882, 44.698740001531569 ], [ 12.111838962785539, 44.698789101929407 ], [ 12.111869715107908, 44.698835037324876 ], [ 12.111921443768837, 44.698840505010459 ], [ 12.111947765976, 44.698839787081504 ], [ 12.111993450210353, 44.698828452507243 ], [ 12.111998442614009, 44.698813642100916 ], [ 12.111981719768789, 44.698753566988259 ], [ 12.111977748666424, 44.698739459632399 ], [ 12.111959902673169, 44.698718393594191 ], [ 12.111928448179286, 44.698707328688805 ] ] ] ] } },
{ "type": "Feature", "properties": { "id": null, "nome": "I.Q" }, "geometry": { "type": "MultiPolygon", "coordinates": [ [ [ [ 12.11274598221571, 44.703940696101348 ], [ 12.112816114225884, 44.703941534169488 ], [ 12.112860121677071, 44.703934830695474 ], [ 12.112884593674657, 44.703935538736864 ], [ 12.112965251112856, 44.703916829622642 ], [ 12.113044662541464, 44.703850921775732 ], [ 12.113059734876154, 44.70382024493869 ], [ 12.113064681634178, 44.703792595790212 ], [ 12.113055927478634, 44.703749270527851 ], [ 12.113047345283837, 44.703709150560194 ], [ 12.113044162959087, 44.703697773147056 ], [ 12.11304367168575, 44.703688615158285 ], [ 12.11302679188981, 44.703649638722986 ], [ 12.113000618322021, 44.703641181453811 ], [ 12.11289046148616, 44.703625385568756 ], [ 12.112802250552956, 44.703635129314456 ], [ 12.112697714500124, 44.703652196909538 ], [ 12.11264392203803, 44.703680261469088 ], [ 12.112613184034071, 44.703742548358058 ], [ 12.112614282268645, 44.703786999652749 ], [ 12.112627776126907, 44.703834781342813 ], [ 12.11264090508325, 44.703863771630793 ], [ 12.112668478674713, 44.703898329257363 ], [ 12.112706030539192, 44.7039271118201 ], [ 12.11274598221571, 44.703940696101348 ] ] ] ] } },
{ "type": "Feature", "properties": { "id": null, "nome": "I.P" }, "geometry": { "type": "MultiPolygon", "coordinates": [ [ [ [ 12.111294308020968, 44.705577332468224 ], [ 12.111387626546442, 44.705588482014122 ], [ 12.111422478958641, 44.705583618932025 ], [ 12.111458343251902, 44.705577163182674 ], [ 12.111487933040369, 44.705556010442585 ], [ 12.111498364134077, 44.705484515651243 ], [ 12.111476350082812, 44.705401385166525 ], [ 12.111399699657378, 44.704780189422131 ], [ 12.111376961985034, 44.704519835337337 ], [ 12.111374820301249, 44.704428728859597 ], [ 12.111377435145421, 44.704354708357279 ], [ 12.111345589960104, 44.704313320080644 ], [ 12.111318225795978, 44.704294111739571 ], [ 12.11125718945237, 44.704281299312917 ], [ 12.111134873504421, 44.704292068694805 ], [ 12.110975996228129, 44.704316746606665 ], [ 12.110959219670251, 44.704331289600866 ], [ 12.110950459005069, 44.704382784262307 ], [ 12.11095683468573, 44.704409607748204 ], [ 12.110981243666743, 44.704445329907514 ], [ 12.111035058296938, 44.704507638858558 ], [ 12.111151681991233, 44.704840947239873 ], [ 12.111238478893979, 44.70515002783003 ], [ 12.111229217579723, 44.705386604762104 ], [ 12.111215457222444, 44.705457407782411 ], [ 12.1112411414415, 44.705527135208818 ], [ 12.111294308020968, 44.705577332468224 ] ] ] ] } },
{ "type": "Feature", "properties": { "id": null, "nome": null }, "geometry": { "type": "MultiPolygon", "coordinates": [ [ [ [ 12.111107473640944, 44.704517793534897 ], [ 12.111205329362235, 44.704501039658524 ], [ 12.111284813310144, 44.704479308960934 ], [ 12.11135450545523, 44.704438673213033 ], [ 12.111374410913559, 44.704390395995986 ], [ 12.111354414892679, 44.70432442613086 ], [ 12.111323006435789, 44.704301415421163 ], [ 12.111262308444308, 44.704284681114721 ], [ 12.111184558473436, 44.704287583766295 ], [ 12.111101012764649, 44.704294948320943 ], [ 12.111026061501835, 44.704309121253068 ], [ 12.110981830598552, 44.7043232390401 ], [ 12.110965559981127, 44.704336985708913 ], [ 12.110955581252135, 44.704375993083772 ], [ 12.110963366771697, 44.704408647112338 ], [ 12.110975328761981, 44.704427101702414 ], [ 12.111014505023705, 44.704472202844684 ], [ 12.1110483351894, 44.704499451527937 ], [ 12.111107473640944, 44.704517793534897 ] ] ] ] } },
{ "type": "Feature", "properties": { "id": null, "nome": null }, "geometry": { "type": "MultiPolygon", "coordinates": [ [ [ [ 12.111088394737308, 44.704417758510431 ], [ 12.111159190654712, 44.704418175671663 ], [ 12.111176574631285, 44.704414962787112 ], [ 12.111218973538007, 44.704397373489904 ], [ 12.111211750218569, 44.704385441224801 ], [ 12.111204020964532, 44.704374305286393 ], [ 12.111187924404248, 44.704370831554684 ], [ 12.111116981923402, 44.704367679548596 ], [ 12.111085354353685, 44.704371280808267 ], [ 12.111071149398683, 44.704382623573622 ], [ 12.111070239005167, 44.704396342693023 ], [ 12.111076007315503, 44.70441183603134 ], [ 12.111088394737308, 44.704417758510431 ] ] ] ] } },
{ "type": "Feature", "properties": { "id": null, "nome": "I.N1" }, "geometry": { "type": "MultiPolygon", "coordinates": [ [ [ [ 12.110310739614931, 44.704447509528364 ], [ 12.110379905439004, 44.704426725889576 ], [ 12.110423372649331, 44.70437788477124 ], [ 12.110435389032158, 44.704301143016551 ], [ 12.110454030103048, 44.704262016916722 ], [ 12.110458067212344, 44.704229862205743 ], [ 12.110500520907662, 44.704033150288389 ], [ 12.11051700695824, 44.703953821695933 ], [ 12.110491704370107, 44.703933148395734 ], [ 12.110463302304044, 44.703919132849435 ], [ 12.110384412975721, 44.703908958617333 ], [ 12.110239765775313, 44.703918653367289 ], [ 12.110172021915075, 44.703922965004494 ], [ 12.110106761977724, 44.703909132421678 ], [ 12.110049635872061, 44.703918084506896 ], [ 12.109999192520316, 44.70392274611828 ], [ 12.109977634780652, 44.703950448437489 ], [ 12.109978770777936, 44.703993143678048 ], [ 12.110009767026225, 44.704055566442662 ], [ 12.110017226875359, 44.704108770858987 ], [ 12.1100445600672, 44.704274822338178 ], [ 12.110084716143037, 44.70433617374259 ], [ 12.110152050439439, 44.704367204604758 ], [ 12.110179961814712, 44.70439355846986 ], [ 12.110233402916286, 44.704423324685749 ], [ 12.110310739614931, 44.704447509528364 ] ] ] ] } },
{ "type": "Feature", "properties": { "id": null, "nome": null }, "geometry": { "type": "MultiPolygon", "coordinates": [ [ [ [ 12.110228541923391, 44.704139163611892 ], [ 12.110191192986068, 44.704151684935404 ], [ 12.110181271601183, 44.704181535065324 ], [ 12.110187588324653, 44.704213407528556 ], [ 12.110213337800852, 44.704220922189478 ], [ 12.110248649736173, 44.704213386333784 ], [ 12.110271929543684, 44.704196318571441 ], [ 12.110278040656835, 44.704181362142059 ], [ 12.110274772335629, 44.704163374766061 ], [ 12.110261369915751, 44.704149771934638 ], [ 12.110228541923391, 44.704139163611892 ] ] ] ] } },
{ "type": "Feature", "properties": { "id": null, "nome": null }, "geometry": { "type": "MultiPolygon", "coordinates": [ [ [ [ 12.110158175893396, 44.704309521588158 ], [ 12.110206003728855, 44.704320542701367 ], [ 12.110247419742437, 44.704319413713819 ], [ 12.110326272724077, 44.704307404271582 ], [ 12.110385707112092, 44.704277026019994 ], [ 12.110386864619919, 44.704255631363438 ], [ 12.110415038252363, 44.704157907700143 ], [ 12.110430022195185, 44.70407204680869 ], [ 12.110417652387522, 44.7040132246672 ], [ 12.110390583707648, 44.70398109628173 ], [ 12.110322985902405, 44.703945142795618 ], [ 12.110247591842937, 44.703935694843601 ], [ 12.110172725476529, 44.703936092350631 ], [ 12.11012555754656, 44.703937378101386 ], [ 12.11009228280543, 44.703939928441471 ], [ 12.110038432097191, 44.703945504607418 ], [ 12.110027763161998, 44.703961406919092 ], [ 12.110021117152835, 44.703987881124604 ], [ 12.110038000370615, 44.704044936967499 ], [ 12.110053418195609, 44.704117644249095 ], [ 12.110073914341026, 44.70422061443869 ], [ 12.110106991852666, 44.704278872154319 ], [ 12.110158175893396, 44.704309521588158 ] ] ] ] } },
{ "type": "Feature", "properties": { "id": null, "nome": null }, "geometry": { "type": "MultiPolygon", "coordinates": [ [ [ [ 12.110199936557819, 44.70433631958656 ], [ 12.11029356945715, 44.704320620642555 ], [ 12.110372818213168, 44.704315995298955 ], [ 12.110401007633868, 44.704304545273757 ], [ 12.110413463801098, 44.70423600810917 ], [ 12.110437563336607, 44.704148255398529 ], [ 12.110459720783549, 44.704045765786596 ], [ 12.110445138030093, 44.703988647292164 ], [ 12.11040289378159, 44.703952824329903 ], [ 12.110346617384282, 44.703934638692985 ], [ 12.110276887572198, 44.703923393033072 ], [ 12.110149189063348, 44.70392687403875 ], [ 12.110083702087081, 44.703930302445208 ], [ 12.110021659208218, 44.703955000037816 ], [ 12.110012668349706, 44.703980716500674 ], [ 12.110024817886952, 44.704035436401881 ], [ 12.110028921566103, 44.704069012513031 ], [ 12.110046010291279, 44.704172897245321 ], [ 12.110058159909965, 44.704227617139395 ], [ 12.11008778607752, 44.704285968937988 ], [ 12.110129407617807, 44.704331668882951 ], [ 12.110199936557819, 44.70433631958656 ] ] ] ] } },
{ "type": "Feature", "properties": { "id": null, "nome": "I.O" }, "geometry": { "type": "MultiPolygon", "coordinates": [ [ [ [ 12.110891019833092, 44.704117816103668 ], [ 12.110963724330125, 44.704098578941505 ], [ 12.111001563724518, 44.704073719125027 ], [ 12.111102294942386, 44.703997023294207 ], [ 12.111246485283283, 44.703892849261678 ], [ 12.111273530628988, 44.703860067114988 ], [ 12.111255137181212, 44.703817842476994 ], [ 12.111217859744368, 44.703745731434694 ], [ 12.111118076873172, 44.703625203637706 ], [ 12.111104417293779, 44.703585314866579 ], [ 12.111116621438169, 44.703505773283133 ], [ 12.111021999860505, 44.703401867475769 ], [ 12.110948411149698, 44.70314669506314 ], [ 12.110836998289155, 44.702873655746089 ], [ 12.110737532607301, 44.702737507452809 ], [ 12.110676083951599, 44.702708781439654 ], [ 12.110648474052951, 44.702709534182155 ], [ 12.110606348558967, 44.702718899236828 ], [ 12.110591034360811, 44.702734106589325 ], [ 12.110562625845024, 44.702741454346885 ], [ 12.11056341741841, 44.702756222608862 ], [ 12.110555357491963, 44.702777805448967 ], [ 12.110553181560398, 44.702801692849668 ], [ 12.110543656341815, 44.702838927136519 ], [ 12.110550852603124, 44.702887208764409 ], [ 12.110607703596751, 44.70317406076434 ], [ 12.110624360219402, 44.703248377518548 ], [ 12.110657263837265, 44.703432353472472 ], [ 12.110643576679923, 44.703477917811902 ], [ 12.110656261402793, 44.703521119848332 ], [ 12.110680670335935, 44.703568110527804 ], [ 12.11069229263823, 44.703612984840817 ], [ 12.110695986918607, 44.703681903377266 ], [ 12.110676452654031, 44.703747346920835 ], [ 12.110679399280166, 44.703802317657868 ], [ 12.110683401427677, 44.703876979404065 ], [ 12.110696035346649, 44.703940724263603 ], [ 12.110754078019173, 44.70397036478046 ], [ 12.110805042196592, 44.703996911630178 ], [ 12.110839365596208, 44.704035415378932 ], [ 12.110835995341926, 44.704058513686746 ], [ 12.110845229038135, 44.704101809791148 ], [ 12.110891019833092, 44.704117816103668 ] ] ] ] } },
{ "type": "Feature", "properties": { "id": null, "nome": "I.M1" }, "geometry": { "type": "MultiPolygon", "coordinates": [ [ [ [ 12.109725482095856, 44.704161287971985 ], [ 12.109689257825003, 44.704184049199903 ], [ 12.109664028684723, 44.704207743233987 ], [ 12.109617138936668, 44.704235725069829 ], [ 12.109608726757946, 44.704250744177607 ], [ 12.109612082810438, 44.704270372497113 ], [ 12.109626437712, 44.70428025198558 ], [ 12.109652919922294, 44.704279941054232 ], [ 12.109698274551876, 44.704277061605239 ], [ 12.109794721314625, 44.704249372341778 ], [ 12.109821097223948, 44.70423632857333 ], [ 12.109836569527587, 44.704213311268759 ], [ 12.109856848709294, 44.704172497301712 ], [ 12.109821043270687, 44.704237133940275 ], [ 12.109872298998491, 44.704149069763261 ], [ 12.109857768216564, 44.704135908468423 ], [ 12.109816330334548, 44.704136627081354 ], [ 12.10976904866069, 44.704146543191321 ], [ 12.109725482095856, 44.704161287971985 ] ] ] ] } },
{ "type": "Feature", "properties": { "id": null, "nome": "I.M" }, "geometry": { "type": "MultiPolygon", "coordinates": [ [ [ [ 12.109859716430769, 44.704118832213204 ], [ 12.109883176747205, 44.70410481458169 ], [ 12.109876851872672, 44.704063041959714 ], [ 12.109876543472421, 44.704034002067502 ], [ 12.109918143609974, 44.703985778624912 ], [ 12.109943577932075, 44.703963486407574 ], [ 12.109956774843457, 44.703930260384325 ], [ 12.10998395286078, 44.703899939900772 ], [ 12.109977159848377, 44.703837679068705 ], [ 12.109933054814903, 44.70381012322963 ], [ 12.109885322646226, 44.703779379605862 ], [ 12.109812361629714, 44.703772330022026 ], [ 12.109755631302452, 44.703788666092784 ], [ 12.109723155330752, 44.703784621291661 ], [ 12.109669524547247, 44.703794299578114 ], [ 12.109617318034452, 44.703814356820466 ], [ 12.109589939205073, 44.703878634412625 ], [ 12.109589892417926, 44.703927817166665 ], [ 12.109595896485537, 44.703925306546751 ], [ 12.109618480143507, 44.704002748536496 ], [ 12.109648735943775, 44.70402986029525 ], [ 12.109704653186229, 44.704062845905852 ], [ 12.109769360458339, 44.704105637451917 ], [ 12.10982039501936, 44.704122513553905 ], [ 12.109859716430769, 44.704118832213204 ] ] ] ] } },
{ "type": "Feature", "properties": { "id": null, "nome": "I.L" }, "geometry": { "type": "MultiPolygon", "coordinates": [ [ [ [ 12.108676842310249, 44.704007456941497 ], [ 12.10890033054203, 44.703956923346382 ], [ 12.108931393590357, 44.703933580488638 ], [ 12.108901744426891, 44.703807006097627 ], [ 12.108862000833586, 44.703710311745517 ], [ 12.10883957883367, 44.703678878035973 ], [ 12.108807609429762, 44.703619768096161 ], [ 12.108792932851649, 44.703582371730697 ], [ 12.108769140749542, 44.703546867048821 ], [ 12.108757519940463, 44.703501992497621 ], [ 12.108755630008265, 44.703466712704675 ], [ 12.108717169201173, 44.703372448319435 ], [ 12.108702668555729, 44.703338333779051 ], [ 12.108725612279351, 44.703271976015884 ], [ 12.10873225881981, 44.703245501868857 ], [ 12.10870997663771, 44.703195166191101 ], [ 12.108697461531181, 44.703176609050274 ], [ 12.108690918302781, 44.703161997486667 ], [ 12.108645356312829, 44.70312872923715 ], [ 12.108614618017626, 44.703092592117237 ], [ 12.108595156484395, 44.703073402565821 ], [ 12.108459598069762, 44.703037656242699 ], [ 12.108389960022135, 44.703045712200733 ], [ 12.108426880795093, 44.703360702368293 ], [ 12.108495811396482, 44.703524686573431 ], [ 12.108555105205385, 44.703862477980827 ], [ 12.108676842310249, 44.704007456941497 ] ] ] ] } },
{ "type": "Feature", "properties": { "id": null, "nome": null }, "geometry": { "type": "MultiPolygon", "coordinates": [ [ [ [ 12.108332214542333, 44.702828518890669 ], [ 12.108441539435955, 44.702872584165753 ], [ 12.108522787419105, 44.702840790931788 ], [ 12.108548695120724, 44.702775995763261 ], [ 12.108542432565381, 44.702659080131241 ], [ 12.108513485025606, 44.702505807935744 ], [ 12.108495053997997, 44.70245208065586 ], [ 12.108500901735214, 44.702432201546252 ], [ 12.108465016864452, 44.702375252320365 ], [ 12.108451696843, 44.702320153300192 ], [ 12.10832100606855, 44.702319798929459 ], [ 12.108268469505518, 44.702387003103262 ], [ 12.108288413821423, 44.702628439416529 ], [ 12.108314200808822, 44.702764192349825 ], [ 12.108332214542333, 44.702828518890669 ] ] ] ] } },
{ "type": "Feature", "properties": { "id": null, "nome": "I.G1" }, "geometry": { "type": "MultiPolygon", "coordinates": [ [ [ [ 12.108664552917935, 44.702347544722599 ], [ 12.108627088660445, 44.702371061916843 ], [ 12.108598974905469, 44.702411150954774 ], [ 12.108597821115607, 44.702442275045755 ], [ 12.108620538296277, 44.702454641861593 ], [ 12.108697292869637, 44.702451270327899 ], [ 12.108908755237284, 44.702394416027602 ], [ 12.10894370162532, 44.702358127910948 ], [ 12.108960968876731, 44.702308494428806 ], [ 12.108914252550319, 44.70229094717002 ], [ 12.108873469563013, 44.702293201535909 ], [ 12.10875230763757, 44.702319730909039 ], [ 12.108664552917935, 44.702347544722599 ] ] ] ] } },
{ "type": "Feature", "properties": { "id": null, "nome": "I.J" }, "geometry": { "type": "MultiPolygon", "coordinates": [ [ [ [ 12.109801474840586, 44.702225444946862 ], [ 12.109744518838191, 44.702259041982614 ], [ 12.109698443977299, 44.702302202319949 ], [ 12.109604909242579, 44.702362678460027 ], [ 12.109527113772488, 44.702394378374137 ], [ 12.109479313030493, 44.702437585658572 ], [ 12.109449163998161, 44.702487706786307 ], [ 12.109504042802405, 44.702512093394674 ], [ 12.109585014802768, 44.702507421635566 ], [ 12.10967196601367, 44.702485332040034 ], [ 12.109730581941516, 44.702450457312644 ], [ 12.109757543273401, 44.702405352940609 ], [ 12.109804222669487, 44.702341223824838 ], [ 12.109851693344829, 44.702291862965396 ], [ 12.109869498894103, 44.702237148223567 ], [ 12.109842559636478, 44.702218162700007 ], [ 12.109801474840586, 44.702225444946862 ] ] ] ] } },
{ "type": "Feature", "properties": { "id": null, "nome": "I.G" }, "geometry": { "type": "MultiPolygon", "coordinates": [ [ [ [ 12.108888046758059, 44.702949157698782 ], [ 12.108970745068609, 44.702944439337962 ], [ 12.109006928731443, 44.702910176231249 ], [ 12.108977670412894, 44.702880161314901 ], [ 12.108935080071907, 44.702827092416577 ], [ 12.108901393107212, 44.702746666191324 ], [ 12.108901559356791, 44.702652992657654 ], [ 12.108852605705486, 44.702577912350044 ], [ 12.108783483742336, 44.702481196783744 ], [ 12.108714525064698, 44.702484308166895 ], [ 12.108666812751133, 44.702464655867665 ], [ 12.108606350312639, 44.702465070722802 ], [ 12.108604810830672, 44.702500854787559 ], [ 12.108606986271925, 44.702541467585121 ], [ 12.108584211996154, 44.702567970303498 ], [ 12.108577495644406, 44.702603895412466 ], [ 12.108578449546323, 44.702718490704981 ], [ 12.108592045123396, 44.702746467488403 ], [ 12.108629314762343, 44.702829261166933 ], [ 12.108667057573243, 44.702888624689933 ], [ 12.108743435107721, 44.702927215749902 ], [ 12.108804952864778, 44.702946491856935 ], [ 12.108888046758059, 44.702949157698782 ] ] ] ] } },
{ "type": "Feature", "properties": { "id": null, "nome": "I.I" }, "geometry": { "type": "MultiPolygon", "coordinates": [ [ [ [ 12.110406037721216, 44.70236659259254 ], [ 12.110437005184457, 44.702363470936525 ], [ 12.110467532373566, 44.702335775739016 ], [ 12.110497463414312, 44.702289665866694 ], [ 12.110528597603228, 44.702217640959852 ], [ 12.110521160968606, 44.702127255908621 ], [ 12.110519213875895, 44.701994200398147 ], [ 12.110549944193163, 44.701938825067735 ], [ 12.110552853212072, 44.701872191462961 ], [ 12.110511504326009, 44.701826176103104 ], [ 12.110466223455969, 44.701779343555586 ], [ 12.110422286322029, 44.701733398722915 ], [ 12.11036530039217, 44.701709994361956 ], [ 12.110301027950761, 44.701744099251854 ], [ 12.110286231598469, 44.701782401579997 ], [ 12.110258279303412, 44.701865432069297 ], [ 12.11022073955745, 44.701890488891124 ], [ 12.1101928032835, 44.701925451933981 ], [ 12.110193685593305, 44.701966099953481 ], [ 12.110208152958538, 44.702018394399644 ], [ 12.110241572040522, 44.702109919929875 ], [ 12.110286243319786, 44.702193743790922 ], [ 12.110313652876982, 44.702245685414738 ], [ 12.110354689102941, 44.702334230166478 ], [ 12.110406037721216, 44.70236659259254 ] ] ] ] } },
{ "type": "Feature", "properties": { "id": null, "nome": "I.B" }, "geometry": { "type": "MultiPolygon", "coordinates": [ [ [ [ 12.10947634285781, 44.699801838825884 ], [ 12.109430041689354, 44.699832680361155 ], [ 12.109419316985324, 44.699898602587041 ], [ 12.109450310337788, 44.699944900574017 ], [ 12.109485886943308, 44.699979981258551 ], [ 12.109534916461437, 44.699975871942669 ], [ 12.109566132910778, 44.69995376077236 ], [ 12.109564748236693, 44.699927916276678 ], [ 12.109556950642329, 44.699879137420211 ], [ 12.109527300847519, 44.699833727210752 ], [ 12.109505160332533, 44.699807524016144 ], [ 12.10947634285781, 44.699801838825884 ] ] ] ] } },
{ "type": "Feature", "properties": { "id": null, "nome": null }, "geometry": { "type": "MultiPolygon", "coordinates": [ [ [ [ 12.10974879180297, 44.698577533929267 ], [ 12.109719811446071, 44.698502292097963 ], [ 12.109673578301681, 44.698443697438684 ], [ 12.109610698170572, 44.698413057290573 ], [ 12.109540489754023, 44.698414970745766 ], [ 12.109483595650577, 44.69845372830472 ], [ 12.109447588999249, 44.698543682859679 ], [ 12.109485353813428, 44.698655892358289 ], [ 12.109579549348911, 44.6990593668136 ], [ 12.109617631654054, 44.699262158562476 ], [ 12.109698760599374, 44.699421716979721 ], [ 12.109762463746272, 44.69959469185158 ], [ 12.109858596417764, 44.699695604173201 ], [ 12.109984807005794, 44.699722900268839 ], [ 12.110105117368121, 44.699682413844997 ], [ 12.110171158097678, 44.699645024347447 ], [ 12.110195133326732, 44.699584516065606 ], [ 12.110179913918584, 44.699512134636819 ], [ 12.110069254270334, 44.699351763829199 ], [ 12.110016932412291, 44.699264216762984 ], [ 12.109948973394586, 44.699054151030147 ], [ 12.10974879180297, 44.698577533929267 ] ] ] ] } },
{ "type": "Feature", "properties": { "id": null, "nome": null }, "geometry": { "type": "MultiPolygon", "coordinates": [ [ [ [ 12.107479546175254, 44.700291027841928 ], [ 12.107486217015101, 44.700236731356327 ], [ 12.107482637952149, 44.700179322649824 ], [ 12.107462113611595, 44.70009252608466 ], [ 12.107462744406932, 44.700060984018194 ], [ 12.107488445058992, 44.700003059445805 ], [ 12.107493681235985, 44.699947159530041 ], [ 12.107469294503611, 44.699875926137743 ], [ 12.107435577762013, 44.699822554414531 ], [ 12.10740171893644, 44.699728102219247 ], [ 12.107398267413924, 44.699663635128346 ], [ 12.107381048761942, 44.699649431098223 ], [ 12.107284045746976, 44.699652783059804 ], [ 12.107217213248534, 44.699658892684731 ], [ 12.10715782669773, 44.699673021117178 ], [ 12.107072702737119, 44.699693212327581 ], [ 12.107018546374718, 44.699720781804658 ], [ 12.10702843816898, 44.699774489156766 ], [ 12.107051594073216, 44.699823188300762 ], [ 12.107088011383212, 44.699923000792374 ], [ 12.107104967110059, 44.699977588155676 ], [ 12.107109644197857, 44.700027505428118 ], [ 12.107122562621665, 44.700119021289169 ], [ 12.107149398599185, 44.700208370828406 ], [ 12.107174999801112, 44.700255930967465 ], [ 12.107188975651455, 44.700301662923906 ], [ 12.107243194448797, 44.700312697530933 ], [ 12.107317706688558, 44.700309595895448 ], [ 12.107408042747352, 44.700302488635018 ], [ 12.107479546175254, 44.700291027841928 ] ] ] ] } },
{ "type": "Feature", "properties": { "id": null, "nome": "I.A" }, "geometry": { "type": "MultiPolygon", "coordinates": [ [ [ [ 12.107724126265762, 44.70021396530926 ], [ 12.107787188277879, 44.700305881862811 ], [ 12.107873751261531, 44.700346328227795 ], [ 12.107864440023523, 44.700207468137464 ], [ 12.107885151277682, 44.700103906324827 ], [ 12.108005735836624, 44.70007921953566 ], [ 12.108240128942054, 44.700043406487389 ], [ 12.108424471059246, 44.699983541541243 ], [ 12.108500980381184, 44.699941328149897 ], [ 12.108517502944718, 44.699864632977736 ], [ 12.108563370982694, 44.699705542735948 ], [ 12.108554428725176, 44.69953858236655 ], [ 12.108549707244562, 44.699450427288959 ], [ 12.10854484271144, 44.699359600843543 ], [ 12.108497835474955, 44.699287311777169 ], [ 12.108413159275575, 44.699212036043605 ], [ 12.108271918122053, 44.699201169938398 ], [ 12.108140742893797, 44.699238184204198 ], [ 12.108085178781096, 44.699321293387662 ], [ 12.108023924796139, 44.699403219905228 ], [ 12.107873592489446, 44.699432729913546 ], [ 12.107733209083895, 44.699437891361143 ], [ 12.107623433015787, 44.69945425768254 ], [ 12.107536675073739, 44.699550254900629 ], [ 12.107509187518122, 44.699667377535569 ], [ 12.10752900571155, 44.699827353610097 ], [ 12.107557758695435, 44.699979060536585 ], [ 12.107644209666747, 44.700122507788876 ], [ 12.107724126265762, 44.70021396530926 ] ] ] ] } },
{ "type": "Feature", "properties": { "id": null, "nome": null }, "geometry": { "type": "MultiPolygon", "coordinates": [ [ [ [ 12.108010624821448, 44.700870964429448 ], [ 12.108066957727562, 44.700854715945823 ], [ 12.108086127676296, 44.700827441105162 ], [ 12.108083903745614, 44.700803424314209 ], [ 12.108077970031889, 44.700780177396524 ], [ 12.108069275931106, 44.700722896061748 ], [ 12.108054336015705, 44.700706582636819 ], [ 12.107978882110974, 44.700715994995456 ], [ 12.108010624821448, 44.700870964429448 ] ] ] ] } },
{ "type": "Feature", "properties": { "id": null, "nome": "I.E" }, "geometry": { "type": "MultiPolygon", "coordinates": [ [ [ [ 12.108122789966457, 44.700880344241433 ], [ 12.108106454057298, 44.700893315172905 ], [ 12.108114187498154, 44.70092840483418 ], [ 12.108142744541983, 44.700974694009467 ], [ 12.108166799264142, 44.70103628876447 ], [ 12.108175233922974, 44.701054658088303 ], [ 12.108167982192555, 44.701098127006738 ], [ 12.108154617151373, 44.701146696914577 ], [ 12.108156755834186, 44.701166756044607 ], [ 12.10816895113358, 44.701185782069921 ], [ 12.108207548343321, 44.701220790087888 ], [ 12.108238672256279, 44.701235504717843 ], [ 12.108276010982951, 44.701247013444878 ], [ 12.108276393019885, 44.701264083840606 ], [ 12.108268539671274, 44.701276444134535 ], [ 12.108286019031388, 44.701322086121095 ], [ 12.10832197120703, 44.701352421489673 ], [ 12.108369125358886, 44.701435402157379 ], [ 12.108395407777724, 44.701498834037366 ], [ 12.108426750141081, 44.701587179902333 ], [ 12.108456051679704, 44.701667230743617 ], [ 12.108489442393664, 44.701744133582331 ], [ 12.10851058755561, 44.701771266349866 ], [ 12.108563573519989, 44.701866234394906 ], [ 12.108611157215453, 44.701922443330673 ], [ 12.108657177450782, 44.702006593486857 ], [ 12.108739765144369, 44.702117645932404 ], [ 12.108774550110706, 44.702155983997812 ], [ 12.108845146485823, 44.70219220756514 ], [ 12.108916828784098, 44.702221379391972 ], [ 12.108956403498885, 44.702212519792603 ], [ 12.109004208023597, 44.702195844459077 ], [ 12.109031012210892, 44.702174617108774 ], [ 12.109041075999658, 44.702153845916847 ], [ 12.109045742401927, 44.70213663795937 ], [ 12.10904703741525, 44.702116105709486 ], [ 12.109036406648535, 44.70200707826023 ], [ 12.108982577148275, 44.701896381127646 ], [ 12.108931394014657, 44.701787889299347 ], [ 12.108873499241934, 44.701700646646806 ], [ 12.108848617132995, 44.701663367287857 ], [ 12.108824828892937, 44.70159683096724 ], [ 12.108803565395018, 44.701557555133313 ], [ 12.108760732858959, 44.701532911199955 ], [ 12.108739543501379, 44.701514889443722 ], [ 12.108715142811773, 44.701446851492442 ], [ 12.10871454089043, 44.701415742873969 ], [ 12.108739995955608, 44.701394172775565 ], [ 12.108808943785874, 44.701379768237778 ], [ 12.108875847059169, 44.701366937661547 ], [ 12.108903813541342, 44.701352510990446 ], [ 12.108905150980934, 44.70132780227668 ], [ 12.108893981215818, 44.701298120331714 ], [ 12.108855654594318, 44.701248301811312 ], [ 12.108834079561015, 44.701223078686013 ], [ 12.108803551414063, 44.701199617797506 ], [ 12.108750415352478, 44.701181327774997 ], [ 12.108659226428223, 44.7011481324352 ], [ 12.108520057206992, 44.701083600926353 ], [ 12.10846484345298, 44.701046388705393 ], [ 12.10842040047935, 44.701011540034877 ], [ 12.108374545966734, 44.70098014596276 ], [ 12.108361730742544, 44.700979356372059 ], [ 12.108341370356191, 44.700986743375644 ], [ 12.108325410792421, 44.700976929680273 ], [ 12.108315892939832, 44.700958210303327 ], [ 12.108300322723387, 44.700945728983505 ], [ 12.108288164383564, 44.700937330020693 ], [ 12.10824065115561, 44.700914711270833 ], [ 12.108215965469475, 44.700900959970959 ], [ 12.108197186414516, 44.700888186478636 ], [ 12.108183944944313, 44.700879437437656 ], [ 12.108153718038224, 44.700871530677887 ], [ 12.108122789966457, 44.700880344241433 ] ] ] ] } },
{ "type": "Feature", "properties": { "id": null, "nome": "I.K" }, "geometry": { "type": "MultiPolygon", "coordinates": [ [ [ [ 12.109268415358128, 44.70309164975798 ], [ 12.109310890668025, 44.703089733097578 ], [ 12.109317281881887, 44.7030500833012 ], [ 12.10930400604186, 44.703020838370513 ], [ 12.109276824407855, 44.703010191909968 ], [ 12.109248329266864, 44.703014764170291 ], [ 12.109234260985064, 44.703030330478242 ], [ 12.109241078179688, 44.703058233128623 ], [ 12.109268415358128, 44.70309164975798 ] ] ] ] } },
{ "type": "Feature", "properties": { "id": null, "nome": "I.F" }, "geometry": { "type": "MultiPolygon", "coordinates": [ [ [ [ 12.108865504488323, 44.702962186745943 ], [ 12.108802332743858, 44.702995033027328 ], [ 12.108796583817698, 44.703066549453801 ], [ 12.108787321319847, 44.703132088440761 ], [ 12.108765884726694, 44.703288297581317 ], [ 12.108776296523887, 44.703323693783283 ], [ 12.108829074356835, 44.703434609435057 ], [ 12.108889617628977, 44.703551386641593 ], [ 12.108927705764062, 44.703586787848536 ], [ 12.108979793757774, 44.703684816731581 ], [ 12.108966375027395, 44.703712511651084 ], [ 12.108944567807862, 44.703762450393057 ], [ 12.10894709271337, 44.703789710869991 ], [ 12.1089763864574, 44.703839775477434 ], [ 12.109003195925872, 44.70386333764116 ], [ 12.10901277474686, 44.703942787016992 ], [ 12.109006295033323, 44.704000658720872 ], [ 12.10902304400943, 44.704035123068664 ], [ 12.109035378891154, 44.704066671108386 ], [ 12.109023226088151, 44.704098127270491 ], [ 12.109029833281914, 44.704141977729478 ], [ 12.10905193053885, 44.704196793292461 ], [ 12.109153185149875, 44.704219085958712 ], [ 12.10919446959308, 44.704234662163152 ], [ 12.109236437602139, 44.704282863025284 ], [ 12.10927451954335, 44.704338002090914 ], [ 12.109276841562837, 44.704361472354798 ], [ 12.109280260221915, 44.704405409689514 ], [ 12.109271045660618, 44.704451968735718 ], [ 12.109268696024269, 44.7045074504612 ], [ 12.109300705595064, 44.704508855594625 ], [ 12.109356268837812, 44.70449291761269 ], [ 12.109412163847571, 44.70446330592506 ], [ 12.109450767709971, 44.704428851419117 ], [ 12.109445872969996, 44.704397100661318 ], [ 12.109431005763513, 44.70435803021509 ], [ 12.109433544636694, 44.704345814679655 ], [ 12.109502526289768, 44.704302181662499 ], [ 12.109526980269548, 44.704281777398016 ], [ 12.109560560497489, 44.704233035981929 ], [ 12.109589245880528, 44.704152543805968 ], [ 12.109592624310681, 44.704076537076183 ], [ 12.109585684942511, 44.704046360340612 ], [ 12.109559775857045, 44.70390055118105 ], [ 12.109559586392018, 44.703857284990804 ], [ 12.109588921528827, 44.703788921448073 ], [ 12.109575983941729, 44.703726264884025 ], [ 12.109545911173258, 44.703681535687757 ], [ 12.109497146067508, 44.703665404335716 ], [ 12.1094119171744, 44.703644193526308 ], [ 12.109334169311021, 44.70362353792796 ], [ 12.109305417197675, 44.703543851933958 ], [ 12.109248833496142, 44.703441390831799 ], [ 12.109266158892101, 44.703347543661792 ], [ 12.10926021533008, 44.703276345849254 ], [ 12.109238206441738, 44.703203308393221 ], [ 12.109184838616867, 44.703140994390353 ], [ 12.109112900332281, 44.703109552272089 ], [ 12.108988643475318, 44.703055243046336 ], [ 12.108940129748396, 44.703023921671452 ], [ 12.108933069044381, 44.702991470758185 ], [ 12.108919549753885, 44.702957677536048 ], [ 12.108865504488323, 44.702962186745943 ] ] ] ] } },
{ "type": "Feature", "properties": { "id": null, "nome": "I.C" }, "geometry": { "type": "MultiPolygon", "coordinates": [ [ [ [ 12.110193030548281, 44.701554987987585 ], [ 12.110213909039842, 44.701587062162289 ], [ 12.110291938792541, 44.701613023509573 ], [ 12.110373461350912, 44.701584990165649 ], [ 12.110394278419673, 44.70155633424001 ], [ 12.110397689880982, 44.701500823525066 ], [ 12.110410667140533, 44.701445052034124 ], [ 12.110430915366194, 44.70140578355371 ], [ 12.110448503122603, 44.701376456506502 ], [ 12.110426175156588, 44.701277616970756 ], [ 12.110432118578478, 44.701229628696055 ], [ 12.110436951937418, 44.701200649352927 ], [ 12.110409005656628, 44.701155862398934 ], [ 12.110390577957894, 44.701129794621437 ], [ 12.110395783549182, 44.701087899636349 ], [ 12.110417216412136, 44.701050876302581 ], [ 12.110470866590505, 44.700999310024066 ], [ 12.110448688138057, 44.700942978634622 ], [ 12.11039421008693, 44.700780488064225 ], [ 12.110373717229885, 44.700696022273753 ], [ 12.110373892925692, 44.700659578435079 ], [ 12.110373046395784, 44.700623921609932 ], [ 12.110380831150334, 44.700570569109473 ], [ 12.110373614119331, 44.700515348131496 ], [ 12.110325561978906, 44.700452889731018 ], [ 12.110289235261515, 44.700410608638649 ], [ 12.110270408274658, 44.700357222435962 ], [ 12.110264782334477, 44.70031182698591 ], [ 12.110237737004178, 44.700263978837086 ], [ 12.110213202994943, 44.700163681087858 ], [ 12.110203528866201, 44.700122191719849 ], [ 12.110179915939622, 44.700078804872057 ], [ 12.110170932420189, 44.700050202172918 ], [ 12.11015442777995, 44.700020286197791 ], [ 12.11013325889237, 44.700002643712935 ], [ 12.110095531396821, 44.699993803204372 ], [ 12.110024727267604, 44.700003324666341 ], [ 12.109995197961549, 44.700048160090248 ], [ 12.109968478075276, 44.700125562246072 ], [ 12.109949976546872, 44.700197426357221 ], [ 12.109946510544944, 44.700291655046293 ], [ 12.109935130788315, 44.700456700100567 ], [ 12.109901309180863, 44.700500893346494 ], [ 12.109847543842852, 44.700530447239416 ], [ 12.109796885768359, 44.700558398121949 ], [ 12.109771614236305, 44.700583379616994 ], [ 12.109795423236628, 44.7007694808119 ], [ 12.109865307654275, 44.700822234602533 ], [ 12.109935192199313, 44.700874988346378 ], [ 12.109930230003453, 44.700921431558456 ], [ 12.109903502939799, 44.701018571704054 ], [ 12.109925674159093, 44.701094641213977 ], [ 12.109989276914808, 44.701228794853996 ], [ 12.110070068386017, 44.701306303059489 ], [ 12.110193030548281, 44.701554987987585 ] ] ] ] } },
{ "type": "Feature", "properties": { "id": null, "nome": null }, "geometry": { "type": "MultiPolygon", "coordinates": [ [ [ [ 12.110525290493152, 44.700833091454562 ], [ 12.11050509623731, 44.700833641994343 ], [ 12.110474165297509, 44.700852325183483 ], [ 12.110476650091655, 44.700878827582692 ], [ 12.110468959774851, 44.700894220171463 ], [ 12.110453927738535, 44.700921579683275 ], [ 12.110465054303015, 44.70096037241585 ], [ 12.110489916791622, 44.700997272385891 ], [ 12.110500907749309, 44.701013673980249 ], [ 12.110530969236631, 44.701028416947686 ], [ 12.110552842369476, 44.701019470017819 ], [ 12.110571184841207, 44.700994297682456 ], [ 12.110582760919774, 44.700971966828895 ], [ 12.110586267246882, 44.700938089202772 ], [ 12.110578755773291, 44.700907168966431 ], [ 12.110572405472022, 44.700887983848716 ], [ 12.110550034344087, 44.700857848297019 ], [ 12.110525290493152, 44.700833091454562 ] ] ] ] } },
{ "type": "Feature", "properties": { "id": null, "nome": "I.H" }, "geometry": { "type": "MultiPolygon", "coordinates": [ [ [ [ 12.109397505693231, 44.701219681936884 ], [ 12.109342724125485, 44.70123028461375 ], [ 12.109312300241633, 44.701258443003582 ], [ 12.109313843505538, 44.70128724852578 ], [ 12.109334234064734, 44.701310226398512 ], [ 12.109400253562063, 44.701310704667726 ], [ 12.109439708327381, 44.701292169047029 ], [ 12.1094539861264, 44.701260654917711 ], [ 12.109439485358116, 44.701228406791735 ], [ 12.109397505693231, 44.701219681936884 ] ] ] ] } },
{ "type": "Feature", "properties": { "id": null, "nome": "I.N" }, "geometry": { "type": "MultiPolygon", "coordinates": [ [ [ [ 12.109906776984596, 44.703135552898416 ], [ 12.109835481551096, 44.703135977873153 ], [ 12.109795903834298, 44.703152239538674 ], [ 12.109783176165941, 44.703192821213072 ], [ 12.109796046075951, 44.703214485684889 ], [ 12.109837851300773, 44.703259654181984 ], [ 12.109825238772464, 44.703322247973965 ], [ 12.109864099128112, 44.703372051606173 ], [ 12.109945299814393, 44.703457140190096 ], [ 12.10994025627182, 44.703502067311938 ], [ 12.109913074715761, 44.70361060701628 ], [ 12.109904300911145, 44.703685242527612 ], [ 12.10983964644144, 44.703750013952032 ], [ 12.109773698675678, 44.703770790088178 ], [ 12.109667788286012, 44.70379472178918 ], [ 12.109616031400687, 44.703813941035293 ], [ 12.109591458496704, 44.703927549058832 ], [ 12.109622347736529, 44.704014397817588 ], [ 12.109695263977136, 44.704065610987037 ], [ 12.109686482675768, 44.70418487512147 ], [ 12.109625720943475, 44.704230714610844 ], [ 12.10960818235373, 44.704257342000943 ], [ 12.109627497256648, 44.704280366416036 ], [ 12.109710201867447, 44.704274316586819 ], [ 12.109826479732734, 44.704239263202822 ], [ 12.10987028932607, 44.704162913606453 ], [ 12.109881777881816, 44.704039618728551 ], [ 12.109944760330592, 44.703963505658805 ], [ 12.109974210254828, 44.703917154139241 ], [ 12.110018662772006, 44.703872671113963 ], [ 12.110123240997424, 44.703857674142753 ], [ 12.110171606763769, 44.70384648683568 ], [ 12.110226275309138, 44.703813871592828 ], [ 12.110273509998683, 44.703761721160838 ], [ 12.110313385503421, 44.703711289616983 ], [ 12.110320717095588, 44.703669336692833 ], [ 12.110328778722758, 44.703521842491917 ], [ 12.110331987116441, 44.703462541595158 ], [ 12.110326198180147, 44.703414114022806 ], [ 12.110298413335501, 44.703372359240113 ], [ 12.110272213010399, 44.703360167973848 ], [ 12.110220124208206, 44.703381325718517 ], [ 12.11019355164551, 44.703382050073429 ], [ 12.110171690815296, 44.703351520973492 ], [ 12.110170634530611, 44.703331811955216 ], [ 12.110216684121452, 44.703277416408866 ], [ 12.110256146503717, 44.703239142489558 ], [ 12.110292216998639, 44.703197165287108 ], [ 12.110293943097783, 44.703169788954895 ], [ 12.110281363991502, 44.703133692826128 ], [ 12.110243059039275, 44.703133977872149 ], [ 12.110167586659619, 44.703155773023028 ], [ 12.110117955435451, 44.703163199090667 ], [ 12.110060355785548, 44.703160973435928 ], [ 12.109995606894833, 44.703144518837917 ], [ 12.109906776984596, 44.703135552898416 ] ] ] ] } },
{ "type": "Feature", "properties": { "id": null, "nome": null }, "geometry": { "type": "MultiPolygon", "coordinates": [ [ [ [ 12.109551765565122, 44.702498545611526 ], [ 12.109575748130796, 44.702493568416585 ], [ 12.109595717562371, 44.702479693137725 ], [ 12.109632314748687, 44.702465004378048 ], [ 12.109657171259284, 44.702457481260112 ], [ 12.109687907728604, 44.702446555195678 ], [ 12.109708224123628, 44.702439155807085 ], [ 12.109712301547013, 44.702430397521034 ], [ 12.109701360975954, 44.702424210340972 ], [ 12.109688225856821, 44.702424208040554 ], [ 12.109643210421888, 44.702432640887643 ], [ 12.109603178456405, 44.702449224753749 ], [ 12.109589092251911, 44.702450329257388 ], [ 12.109564274289266, 44.702458571906192 ], [ 12.109540269209518, 44.702472557165748 ], [ 12.109534890437537, 44.702485314191563 ], [ 12.109537894646275, 44.702494239769429 ], [ 12.109551765565122, 44.702498545611526 ] ] ] ] } },
{ "type": "Feature", "properties": { "id": null, "nome": null }, "geometry": { "type": "MultiPolygon", "coordinates": [ [ [ [ 12.108681853661599, 44.702417764187238 ], [ 12.10868591170394, 44.70242278786985 ], [ 12.108711390698149, 44.702424525675134 ], [ 12.108724801423602, 44.702420242038492 ], [ 12.108722441226533, 44.702408011171428 ], [ 12.108717838619363, 44.702399894756056 ], [ 12.108707972825577, 44.702399623116037 ], [ 12.108694824814064, 44.702401737803875 ], [ 12.108685021520701, 44.702409706278949 ], [ 12.108681853661599, 44.702417764187238 ] ] ] ] } },
{ "type": "Feature", "properties": { "id": null, "nome": null }, "geometry": { "type": "MultiPolygon", "coordinates": [ [ [ [ 12.108716872849662, 44.702434915026942 ], [ 12.108730472748015, 44.702430626235369 ], [ 12.108740238635601, 44.702425496123432 ], [ 12.108745065662848, 44.702416582335914 ], [ 12.108744044112088, 44.70240458521927 ], [ 12.108733156769343, 44.702392316464653 ], [ 12.108725212861865, 44.702389020001597 ], [ 12.108706463267128, 44.702389125525237 ], [ 12.108691999559275, 44.702387898265542 ], [ 12.108673512675908, 44.702385834836996 ], [ 12.108658356055249, 44.702389355365305 ], [ 12.10864783220936, 44.702398019028308 ], [ 12.108644264323262, 44.702405682499204 ], [ 12.108647841570836, 44.70241234062447 ], [ 12.108666662170696, 44.702417097200794 ], [ 12.108697951062796, 44.70242826965066 ], [ 12.108716872849662, 44.702434915026942 ] ] ] ] } },
{ "type": "Feature", "properties": { "id": null, "nome": null }, "geometry": { "type": "MultiPolygon", "coordinates": [ [ [ [ 12.108627883818693, 44.702393428288062 ], [ 12.108626811285843, 44.702401699329911 ], [ 12.108630429343819, 44.702416192828416 ], [ 12.108637262037124, 44.702434111648678 ], [ 12.10864408410067, 44.702441221813842 ], [ 12.108666026667832, 44.702444136876359 ], [ 12.10869355891481, 44.702441765388649 ], [ 12.108720568276802, 44.702436705904979 ], [ 12.108739502365513, 44.702429434426598 ], [ 12.108749894848401, 44.702421855228778 ], [ 12.108754213444422, 44.702410523281493 ], [ 12.108754531808824, 44.702395246973275 ], [ 12.108748473648237, 44.702388251112673 ], [ 12.108738195914823, 44.702380289326413 ], [ 12.108720946504288, 44.702376570846994 ], [ 12.108691581667388, 44.702376560259957 ], [ 12.108659523805079, 44.702379325275388 ], [ 12.10864384303359, 44.702383670753541 ], [ 12.108632920438302, 44.702388427037107 ], [ 12.108627883818693, 44.702393428288062 ] ] ] ] } },
{ "type": "Feature", "properties": { "id": null, "nome": null }, "geometry": { "type": "MultiPolygon", "coordinates": [ [ [ [ 12.108801838780462, 44.702334103473149 ], [ 12.108763580412738, 44.702341361041618 ], [ 12.108708585749181, 44.702354479073513 ], [ 12.108689128800231, 44.702359062556653 ], [ 12.108633239105121, 44.702385343283964 ], [ 12.108623574949842, 44.702391642223212 ], [ 12.108621775511928, 44.702410712639292 ], [ 12.108623334419201, 44.702430240249157 ], [ 12.108629879630341, 44.702442316085019 ], [ 12.108655239293917, 44.702446563386914 ], [ 12.108688341683347, 44.7024469417644 ], [ 12.108701254855561, 44.702443846459659 ], [ 12.108758830072379, 44.702422341855652 ], [ 12.108786470211129, 44.702411712256854 ], [ 12.108816344835754, 44.702404496829196 ], [ 12.108850553187057, 44.70239679751419 ], [ 12.108877767490192, 44.702392580925284 ], [ 12.108896601452637, 44.70238511761616 ], [ 12.108911093595934, 44.702373200161048 ], [ 12.108909165792113, 44.702365936771081 ], [ 12.108905711314225, 44.702358897877986 ], [ 12.108880906369773, 44.702345856414098 ], [ 12.108865740871604, 44.702340416905159 ], [ 12.10884526625826, 44.702336402340514 ], [ 12.108825382066938, 44.702333834868519 ], [ 12.108801838780462, 44.702334103473149 ] ] ] ] } },
{ "type": "Feature", "properties": { "id": null, "nome": null }, "geometry": { "type": "MultiPolygon", "coordinates": [ [ [ [ 12.109355282759248, 44.704039193855209 ], [ 12.109305701155273, 44.704048610842833 ], [ 12.109251837875751, 44.704058528575096 ], [ 12.109220208334451, 44.704071297166827 ], [ 12.109207979819622, 44.704084305230467 ], [ 12.109212693006302, 44.704091858505812 ], [ 12.109247226981191, 44.70411319439124 ], [ 12.109280565625943, 44.70412227209934 ], [ 12.109358567246096, 44.704110544279601 ], [ 12.10940111670112, 44.704100550741074 ], [ 12.109437524549433, 44.704086499620217 ], [ 12.109440196346393, 44.704076056493449 ], [ 12.109436394281301, 44.704065405711653 ], [ 12.109422419047888, 44.704045814119745 ], [ 12.109403000944686, 44.704035204828031 ], [ 12.10938570992408, 44.704034139706735 ], [ 12.109355282759248, 44.704039193855209 ] ] ] ] } },
{ "type": "Feature", "properties": { "id": null, "nome": null }, "geometry": { "type": "MultiPolygon", "coordinates": [ [ [ [ 12.109211385385098, 44.703987038752786 ], [ 12.109181454905208, 44.703991311148449 ], [ 12.109177563673558, 44.703999098899743 ], [ 12.109183746335033, 44.704003923532831 ], [ 12.109190011192148, 44.704010282268349 ], [ 12.10921257721483, 44.704009283243224 ], [ 12.109227289101693, 44.703992366648215 ], [ 12.109221520920242, 44.703985226208545 ], [ 12.109211385385098, 44.703987038752786 ] ] ] ] } },
{ "type": "Feature", "properties": { "id": null, "nome": null }, "geometry": { "type": "MultiPolygon", "coordinates": [ [ [ [ 12.109099493207703, 44.704038738696759 ], [ 12.109086079006142, 44.70403727525072 ], [ 12.109066202322209, 44.7040396458614 ], [ 12.109059974670592, 44.704047863070784 ], [ 12.109059795182032, 44.704054086491546 ], [ 12.109066727332559, 44.704059018736359 ], [ 12.109080298094732, 44.704063404285407 ], [ 12.109086581093628, 44.704065793647018 ], [ 12.10910874464842, 44.704058239573698 ], [ 12.109107664960712, 44.704047660914753 ], [ 12.109099493207703, 44.704038738696759 ] ] ] ] } },
{ "type": "Feature", "properties": { "id": null, "nome": null }, "geometry": { "type": "MultiPolygon", "coordinates": [ [ [ [ 12.109111883074929, 44.704040230054225 ], [ 12.109102745696449, 44.704032431537279 ], [ 12.109078024674636, 44.704030544606724 ], [ 12.109065021432217, 44.704036751673051 ], [ 12.109053789521257, 44.70404730002069 ], [ 12.109056523118126, 44.704060028387367 ], [ 12.109062470072466, 44.704065719070158 ], [ 12.109082679447088, 44.704069557924257 ], [ 12.109098005339815, 44.704068408706455 ], [ 12.109109335094725, 44.704059686667584 ], [ 12.109115660588911, 44.704053295768716 ], [ 12.109111883074929, 44.704040230054225 ] ] ] ] } },
{ "type": "Feature", "properties": { "id": null, "nome": null }, "geometry": { "type": "MultiPolygon", "coordinates": [ [ [ [ 12.109141633560382, 44.704135989462451 ], [ 12.109124474245826, 44.704141212401417 ], [ 12.109115427989003, 44.704154261766995 ], [ 12.10910374260645, 44.704165919864074 ], [ 12.1091064337262, 44.704187428487607 ], [ 12.109113679013735, 44.704198204930364 ], [ 12.10914387740562, 44.704197016226985 ], [ 12.109171674857816, 44.704189308616677 ], [ 12.109183418941436, 44.704178746300599 ], [ 12.109186968323945, 44.704168407293785 ], [ 12.109186795534441, 44.704155609147051 ], [ 12.109187408896583, 44.704147910719406 ], [ 12.109169545059045, 44.704139984212574 ], [ 12.109141633560382, 44.704135989462451 ] ] ] ] } },
{ "type": "Feature", "properties": { "id": null, "nome": null }, "geometry": { "type": "MultiPolygon", "coordinates": [ [ [ [ 12.109172856255505, 44.70413477283897 ], [ 12.109151446386486, 44.704127674551863 ], [ 12.109136534798399, 44.704126983507678 ], [ 12.109112753082959, 44.704142629190194 ], [ 12.109102287735942, 44.70415791199995 ], [ 12.109098167461115, 44.704167169173267 ], [ 12.109101034706249, 44.704191965160341 ], [ 12.109105699579169, 44.704202446123482 ], [ 12.109123840758814, 44.704205975532275 ], [ 12.109147400528729, 44.704205333526097 ], [ 12.109175100133442, 44.70419579960199 ], [ 12.109188932033009, 44.70418591198316 ], [ 12.109193998350463, 44.704175165842905 ], [ 12.109196781148565, 44.704160092379382 ], [ 12.109196174469767, 44.704148769239893 ], [ 12.109172856255505, 44.70413477283897 ] ] ] ] } },
{ "type": "Feature", "properties": { "id": null, "nome": null }, "geometry": { "type": "MultiPolygon", "coordinates": [ [ [ [ 12.109192139175311, 44.704140465899215 ], [ 12.109163245825407, 44.704127718809552 ], [ 12.109140358165368, 44.704121758178289 ], [ 12.109115907726625, 44.704134495717327 ], [ 12.109096989923918, 44.704154764201412 ], [ 12.109091450560515, 44.704166254819512 ], [ 12.10909644475665, 44.704192456031315 ], [ 12.109104042298306, 44.704209807201394 ], [ 12.109124114736924, 44.704211089208485 ], [ 12.10915916084331, 44.704204647258621 ], [ 12.109191903852397, 44.704193512712521 ], [ 12.109198487105601, 44.704182359438782 ], [ 12.109201054629242, 44.704163268087001 ], [ 12.10920133529417, 44.70414936019575 ], [ 12.109192139175311, 44.704140465899215 ] ] ] ] } },
{ "type": "Feature", "properties": { "id": null, "nome": null }, "geometry": { "type": "MultiPolygon", "coordinates": [ [ [ [ 12.109235285404832, 44.704122463520477 ], [ 12.109213934244547, 44.704116461032868 ], [ 12.109200089476627, 44.704106961824451 ], [ 12.109187820357414, 44.704098151268781 ], [ 12.109155475496634, 44.704097569496348 ], [ 12.109121845185495, 44.704111288782116 ], [ 12.109099952230704, 44.70413346731889 ], [ 12.109083552766295, 44.70416244627733 ], [ 12.109087343135684, 44.70419489882314 ], [ 12.109097720143422, 44.704206687316081 ], [ 12.109111271373115, 44.704210707597731 ], [ 12.10915382053625, 44.70421027972148 ], [ 12.109199602614188, 44.704203179404743 ], [ 12.109245133594722, 44.704181819873533 ], [ 12.109283967209763, 44.704159911245156 ], [ 12.109284600129824, 44.704152578079871 ], [ 12.109269535297919, 44.704139454169727 ], [ 12.109236446734688, 44.704124992444179 ], [ 12.109235285404832, 44.704122463520477 ] ] ] ] } },
{ "type": "Feature", "properties": { "id": null, "nome": null }, "geometry": { "type": "MultiPolygon", "coordinates": [ [ [ [ 12.10897899314087, 44.703744995979868 ], [ 12.108964199063502, 44.703746496486332 ], [ 12.108949933333633, 44.703757859083105 ], [ 12.108952291704975, 44.703773158248261 ], [ 12.108959083448779, 44.703785044447493 ], [ 12.108981302242633, 44.703788096974229 ], [ 12.108998011386571, 44.703774473017951 ], [ 12.108999058662553, 44.703765299583708 ], [ 12.108984682281671, 44.703755449038603 ], [ 12.10897899314087, 44.703744995979868 ] ] ] ] } },
{ "type": "Feature", "properties": { "id": null, "nome": null }, "geometry": { "type": "MultiPolygon", "coordinates": [ [ [ [ 12.109039637118086, 44.703766388633447 ], [ 12.109017480410762, 44.703754921120897 ], [ 12.109010985566734, 44.70373900308013 ], [ 12.108995937098326, 44.703735755176105 ], [ 12.108962173355392, 44.70373740678685 ], [ 12.108948279427759, 44.7037557093742 ], [ 12.108950298364888, 44.703783820644418 ], [ 12.108964909570451, 44.703798054345818 ], [ 12.108973022561429, 44.703805880787293 ], [ 12.108990080571573, 44.703808342344921 ], [ 12.109023929375324, 44.703789130205628 ], [ 12.109039575040784, 44.703774803630331 ], [ 12.109039637118086, 44.703766388633447 ] ] ] ] } },
{ "type": "Feature", "properties": { "id": null, "nome": null }, "geometry": { "type": "MultiPolygon", "coordinates": [ [ [ [ 12.109078018325059, 44.703630729880743 ], [ 12.109069154986209, 44.703628045035657 ], [ 12.109058771357409, 44.703635278105999 ], [ 12.109057782799313, 44.703645547328563 ], [ 12.109084274978773, 44.703651775550959 ], [ 12.109105586814538, 44.703657047543146 ], [ 12.109113801009336, 44.703657189503275 ], [ 12.109118726955623, 44.703653397312692 ], [ 12.109106399239895, 44.70364349095675 ], [ 12.109095193702633, 44.703635382999856 ], [ 12.109078018325059, 44.703630729880743 ] ] ] ] } },
{ "type": "Feature", "properties": { "id": null, "nome": null }, "geometry": { "type": "MultiPolygon", "coordinates": [ [ [ [ 12.10899242420963, 44.703366214146406 ], [ 12.108973188797627, 44.703366189593645 ], [ 12.108971561716661, 44.703371720867956 ], [ 12.10897336237427, 44.70337661004713 ], [ 12.108983821706097, 44.703377971125299 ], [ 12.108999394561177, 44.703374254620023 ], [ 12.10899242420963, 44.703366214146406 ] ] ] ] } },
{ "type": "Feature", "properties": { "id": null, "nome": null }, "geometry": { "type": "MultiPolygon", "coordinates": [ [ [ [ 12.109003343577925, 44.703361801401854 ], [ 12.108992722808875, 44.703357426908248 ], [ 12.108973783463393, 44.703355748206519 ], [ 12.108960840754664, 44.703358295652883 ], [ 12.108955727229709, 44.703363373233685 ], [ 12.108961557348556, 44.703378852146294 ], [ 12.108971099136788, 44.703384627778213 ], [ 12.108987334966127, 44.703386105801059 ], [ 12.109002036845729, 44.703380492599962 ], [ 12.109006012680638, 44.703375720364903 ], [ 12.109003343577925, 44.703361801401854 ] ] ] ] } },
{ "type": "Feature", "properties": { "id": null, "nome": null }, "geometry": { "type": "MultiPolygon", "coordinates": [ [ [ [ 12.10900881186674, 44.703356165458118 ], [ 12.108997733595448, 44.703350431696791 ], [ 12.108982221989242, 44.703348110900485 ], [ 12.108959394867497, 44.703352848112672 ], [ 12.108951369811358, 44.703361022844447 ], [ 12.108945426796501, 44.703372158659519 ], [ 12.108960727861231, 44.703384910381025 ], [ 12.108977034534012, 44.703394891229692 ], [ 12.1089891037365, 44.703397580175086 ], [ 12.109004723160131, 44.703387552420857 ], [ 12.109012897510071, 44.703374984066393 ], [ 12.109015160741432, 44.703366966334649 ], [ 12.10900881186674, 44.703356165458118 ] ] ] ] } },
{ "type": "Feature", "properties": { "id": null, "nome": null }, "geometry": { "type": "MultiPolygon", "coordinates": [ [ [ [ 12.108954629194452, 44.703141822281822 ], [ 12.108949390190002, 44.703139770261281 ], [ 12.108931395267511, 44.703141357981551 ], [ 12.108922873599877, 44.703147442916816 ], [ 12.108922530761403, 44.703169765809271 ], [ 12.108931801754464, 44.703175274476408 ], [ 12.108945201076551, 44.703176463999384 ], [ 12.108955380678742, 44.703174997784103 ], [ 12.10896277529427, 44.703167023128429 ], [ 12.108964200950913, 44.70316012560793 ], [ 12.108962898632488, 44.703152570829083 ], [ 12.108954629194452, 44.703141822281822 ] ] ] ] } },
{ "type": "Feature", "properties": { "id": null, "nome": null }, "geometry": { "type": "MultiPolygon", "coordinates": [ [ [ [ 12.108942612358977, 44.703130535701746 ], [ 12.108900928360278, 44.703137524251105 ], [ 12.108879867711259, 44.703146511416506 ], [ 12.108874615098195, 44.703182502538269 ], [ 12.108871889259579, 44.703313531746844 ], [ 12.108878777932969, 44.703384674246962 ], [ 12.108892537404913, 44.703411734022879 ], [ 12.108930668820156, 44.703424595257289 ], [ 12.108969178820209, 44.703425374898295 ], [ 12.10901038998948, 44.703419130800015 ], [ 12.109055287498123, 44.703405104522446 ], [ 12.109079049369184, 44.70338909359554 ], [ 12.109084357207143, 44.703363709041675 ], [ 12.109080074326949, 44.703331635709006 ], [ 12.109060550778873, 44.703283151065044 ], [ 12.10903601969788, 44.703246508337998 ], [ 12.108992134552343, 44.703183689881364 ], [ 12.108971364790513, 44.703150236811474 ], [ 12.108958251097816, 44.703135230712832 ], [ 12.108942612358977, 44.703130535701746 ] ] ] ] } },
{ "type": "Feature", "properties": { "id": null, "nome": null }, "geometry": { "type": "MultiPolygon", "coordinates": [ [ [ [ 12.108938322795725, 44.703117483932473 ], [ 12.108897017390722, 44.70311239089915 ], [ 12.108872746820303, 44.703118904955765 ], [ 12.108849356777281, 44.703141855831085 ], [ 12.108828312275179, 44.703160719036646 ], [ 12.108823617745541, 44.703178405154077 ], [ 12.108831570678628, 44.7031928202939 ], [ 12.108832903781517, 44.70326557735639 ], [ 12.108830230622015, 44.703359293945148 ], [ 12.108838548553409, 44.70339967064799 ], [ 12.10885179925271, 44.70341723359811 ], [ 12.10887659147852, 44.703439603208373 ], [ 12.108900222423054, 44.703459443884491 ], [ 12.108964692056796, 44.703523530457211 ], [ 12.109025263589158, 44.703581870478487 ], [ 12.109039946291496, 44.70361658679235 ], [ 12.109051598535444, 44.703642606580907 ], [ 12.109093628394961, 44.703661214264329 ], [ 12.109120675246043, 44.703658648262241 ], [ 12.109115615672144, 44.703650372829877 ], [ 12.109103408734608, 44.703633147264618 ], [ 12.109089250995806, 44.703617803836202 ], [ 12.109098225628724, 44.703584271853657 ], [ 12.109111636957001, 44.70353781611459 ], [ 12.109156797307973, 44.703420993987429 ], [ 12.109172306966618, 44.703373017876586 ], [ 12.109166980144915, 44.703340607199195 ], [ 12.109128836478117, 44.703250929237278 ], [ 12.10903568552917, 44.703161286996654 ], [ 12.109015698489369, 44.703142444442761 ], [ 12.108998308013868, 44.703133773417413 ], [ 12.108976859404205, 44.703125944560185 ], [ 12.108938322795725, 44.703117483932473 ] ] ] ] } },
{ "type": "Feature", "properties": { "id": null, "nome": null }, "geometry": { "type": "MultiPolygon", "coordinates": [ [ [ [ 12.108639875131955, 44.703906224198114 ], [ 12.108809359684999, 44.703910385439599 ], [ 12.108857268515408, 44.703904690495705 ], [ 12.108907317837382, 44.703862357619307 ], [ 12.108899619959423, 44.703795260929176 ], [ 12.108847576451932, 44.703685477050648 ], [ 12.108805762781465, 44.703613457185689 ], [ 12.108777023825654, 44.70355571289516 ], [ 12.108758919528656, 44.703504994755086 ], [ 12.108755664557764, 44.703463382710062 ], [ 12.108722241433528, 44.703394792155805 ], [ 12.10870366764274, 44.70333530769615 ], [ 12.108708600447571, 44.703312493949127 ], [ 12.108735292511975, 44.70325543411488 ], [ 12.108702619933815, 44.703181701960403 ], [ 12.108692227065303, 44.703160037372307 ], [ 12.108637756218959, 44.703119820748725 ], [ 12.108602669236276, 44.703077612795404 ], [ 12.108477303649513, 44.703040059221038 ], [ 12.108402660056669, 44.703058234822741 ], [ 12.108410348394752, 44.703089481982516 ], [ 12.108471549519496, 44.703333748177982 ], [ 12.108501637461796, 44.703490191294328 ], [ 12.108568629439867, 44.703826895209694 ], [ 12.108639875131955, 44.703906224198114 ] ] ] ] } },
{ "type": "Feature", "properties": { "id": null, "nome": null }, "geometry": { "type": "MultiPolygon", "coordinates": [ [ [ [ 12.108432881522065, 44.703149771129411 ], [ 12.108495167610551, 44.703369406751044 ], [ 12.108551324327077, 44.703676712888772 ], [ 12.108627810395669, 44.70387728923977 ], [ 12.108645615381027, 44.703884120047739 ], [ 12.108719523863254, 44.703885032695176 ], [ 12.108806396450147, 44.703879007733825 ], [ 12.108860653725717, 44.703857776383884 ], [ 12.108889896504433, 44.703829179095003 ], [ 12.108884984108998, 44.703794928134542 ], [ 12.108860185751855, 44.703734150126174 ], [ 12.108827388496357, 44.70367724802027 ], [ 12.10878547531375, 44.703608157226341 ], [ 12.108765041562613, 44.703571402802268 ], [ 12.108745958919561, 44.70350242152216 ], [ 12.108702416792536, 44.703417280059689 ], [ 12.108674179906796, 44.703388054142671 ], [ 12.108655873222062, 44.703352704927333 ], [ 12.108642101187103, 44.703306258281792 ], [ 12.108646401017058, 44.703290777701426 ], [ 12.10867580703394, 44.703246080998035 ], [ 12.108687831824883, 44.70322161083913 ], [ 12.108681340572044, 44.703196181986883 ], [ 12.108627744375889, 44.703133993773008 ], [ 12.108589701829516, 44.703094061117433 ], [ 12.108568276305004, 44.703077086656265 ], [ 12.108543614399446, 44.703076295386339 ], [ 12.108489841143591, 44.703068249726627 ], [ 12.108484179572056, 44.703096900869461 ], [ 12.108432881522065, 44.703149771129411 ] ] ] ] } },
{ "type": "Feature", "properties": { "id": null, "nome": null }, "geometry": { "type": "MultiPolygon", "coordinates": [ [ [ [ 12.109014215530319, 44.703914177018909 ], [ 12.109015932709212, 44.703946228815724 ], [ 12.109028627058022, 44.703956993955799 ], [ 12.109066589393231, 44.703954724946549 ], [ 12.109121129067685, 44.703949535071565 ], [ 12.109151160634081, 44.703939251739861 ], [ 12.109155491460713, 44.703912384900207 ], [ 12.109167694521023, 44.703870900326407 ], [ 12.109214054187154, 44.703809966545194 ], [ 12.109233057576903, 44.703776938577093 ], [ 12.109227596961746, 44.703739639030267 ], [ 12.109207222147004, 44.703639371769043 ], [ 12.109208609725485, 44.703600651041029 ], [ 12.109223422439811, 44.703510947460025 ], [ 12.10924238223037, 44.703412488935925 ], [ 12.109239886871725, 44.703387454193283 ], [ 12.10925129020513, 44.703287967025936 ], [ 12.109250395052946, 44.703249720023045 ], [ 12.109236310048528, 44.703223766548724 ], [ 12.109206419722886, 44.703180136882445 ], [ 12.109150039031636, 44.703129410191906 ], [ 12.109102755866493, 44.703108476557126 ], [ 12.10900573516968, 44.703082725403213 ], [ 12.108950623928443, 44.703077231266754 ], [ 12.108895332762287, 44.703079149373536 ], [ 12.108857102996268, 44.703087186898173 ], [ 12.108811158918911, 44.703102018930466 ], [ 12.10879088921771, 44.703143723262684 ], [ 12.108777488564927, 44.703249026092656 ], [ 12.108774328124737, 44.703286972081528 ], [ 12.108780808676054, 44.703321774739841 ], [ 12.108817579426567, 44.703396904114506 ], [ 12.108863041357578, 44.703491549640674 ], [ 12.10888565130508, 44.703536612331881 ], [ 12.108939689665501, 44.703600160107229 ], [ 12.108981908204814, 44.703655799524782 ], [ 12.108997982145024, 44.703697336607163 ], [ 12.10899277066391, 44.703707766623467 ], [ 12.108960852720443, 44.703725920201826 ], [ 12.108943775875746, 44.703762599312832 ], [ 12.108952671414128, 44.703799393756476 ], [ 12.108989286158891, 44.703847366977676 ], [ 12.109007580648885, 44.703876497939369 ], [ 12.109014215530319, 44.703914177018909 ] ] ] ] } },
{ "type": "Feature", "properties": { "id": null, "nome": null }, "geometry": { "type": "MultiPolygon", "coordinates": [ [ [ [ 12.109087787582045, 44.703919579594206 ], [ 12.109102732592126, 44.703926579712991 ], [ 12.10912720042187, 44.70392015168148 ], [ 12.109148306727532, 44.70389406226959 ], [ 12.109171266721065, 44.703827181823726 ], [ 12.109177880840388, 44.703735232543679 ], [ 12.109189724638718, 44.703643963791336 ], [ 12.109206695536525, 44.70352992169871 ], [ 12.109221486225545, 44.703439807196958 ], [ 12.109227219058473, 44.703396029811124 ], [ 12.109230386724768, 44.703336684553108 ], [ 12.109230420574738, 44.703240387858393 ], [ 12.109212552026566, 44.70319766514978 ], [ 12.109162443240182, 44.703145532989851 ], [ 12.109107937693462, 44.703119034883699 ], [ 12.109023691030975, 44.703097462378317 ], [ 12.108948215380726, 44.703088819467347 ], [ 12.108852081526145, 44.703093085007019 ], [ 12.108818589417865, 44.703114162081732 ], [ 12.10878923291904, 44.703158583126488 ], [ 12.108780845629997, 44.703249757663578 ], [ 12.108778103437974, 44.703295511144113 ], [ 12.108790257755848, 44.703328513127246 ], [ 12.108838882838651, 44.703439121772419 ], [ 12.108909259049947, 44.703549137720124 ], [ 12.108926467073003, 44.703579532861283 ], [ 12.108991083129768, 44.703654726478398 ], [ 12.109004856134643, 44.703685626727861 ], [ 12.109003564077923, 44.70370459187226 ], [ 12.108982373513552, 44.703718337942696 ], [ 12.108959142372214, 44.703737077856402 ], [ 12.10894636680719, 44.70376787847885 ], [ 12.108960025939751, 44.703807423763848 ], [ 12.109001316233783, 44.703856504140155 ], [ 12.109040217579732, 44.703893303987364 ], [ 12.109087787582045, 44.703919579594206 ] ] ] ] } },
{ "type": "Feature", "properties": { "id": null, "nome": null }, "geometry": { "type": "MultiPolygon", "coordinates": [ [ [ [ 12.109081064158227, 44.70366215105404 ], [ 12.109113814842033, 44.703670312053838 ], [ 12.109157648911756, 44.703669940611746 ], [ 12.109174541931511, 44.703651373374221 ], [ 12.109187093425012, 44.70362716315794 ], [ 12.10918695061009, 44.703592187817598 ], [ 12.109192793558339, 44.703550465035491 ], [ 12.109202350832531, 44.703470369639305 ], [ 12.109223938096259, 44.70339941138338 ], [ 12.109220826294488, 44.703362870867991 ], [ 12.109220434326623, 44.703280165950503 ], [ 12.10921626200493, 44.703234600885771 ], [ 12.109203311130868, 44.703197505450554 ], [ 12.109158806263252, 44.703153039465839 ], [ 12.1091444055522, 44.703142732358195 ], [ 12.109119479510623, 44.703129831421165 ], [ 12.109071572354349, 44.703118791266853 ], [ 12.108980829825359, 44.703105214626589 ], [ 12.108911490194899, 44.703103400339224 ], [ 12.10885367031864, 44.703111971654856 ], [ 12.10882780445068, 44.703124610527006 ], [ 12.10881808977466, 44.703147920368821 ], [ 12.108816283679932, 44.70317883361021 ], [ 12.10881909086457, 44.703198921621635 ], [ 12.108807801724586, 44.703225155005065 ], [ 12.108799217374166, 44.703248022526338 ], [ 12.108806856953649, 44.703326003244634 ], [ 12.108813337530027, 44.703360805900246 ], [ 12.108828368960001, 44.703404429015698 ], [ 12.108894551494458, 44.703498098424305 ], [ 12.108938546303648, 44.703543812969784 ], [ 12.109015310030387, 44.703608799079582 ], [ 12.109050511936521, 44.70364117300646 ], [ 12.109081064158227, 44.70366215105404 ] ] ] ] } },
{ "type": "Feature", "properties": { "id": null, "nome": null }, "geometry": { "type": "MultiPolygon", "coordinates": [ [ [ [ 12.108695195571441, 44.702695715739168 ], [ 12.108676071727801, 44.702694179188015 ], [ 12.108645178377278, 44.702699136110127 ], [ 12.108621195246702, 44.702714604282228 ], [ 12.10861966094318, 44.70272904930011 ], [ 12.108641507719545, 44.702738330560486 ], [ 12.108672331186238, 44.702742840513203 ], [ 12.108706193483682, 44.702739448772583 ], [ 12.108717166695648, 44.702728861781758 ], [ 12.108718058763111, 44.702713199699943 ], [ 12.108714253379796, 44.702696019525085 ], [ 12.108695195571441, 44.702695715739168 ] ] ] ] } },
{ "type": "Feature", "properties": { "id": null, "nome": null }, "geometry": { "type": "MultiPolygon", "coordinates": [ [ [ [ 12.108728548848722, 44.702628963714801 ], [ 12.108702374994808, 44.702635849664645 ], [ 12.108677173520448, 44.702650116482687 ], [ 12.108663627603457, 44.702666534851581 ], [ 12.108635985459818, 44.702689098567355 ], [ 12.108616167626751, 44.702706922374411 ], [ 12.108613653181196, 44.702735385791179 ], [ 12.108631000610071, 44.702746847242615 ], [ 12.108662598361979, 44.702755039785863 ], [ 12.108706919880449, 44.702753009154932 ], [ 12.108726847760535, 44.702737239935914 ], [ 12.108735149774938, 44.702698330814734 ], [ 12.108737958034963, 44.70265381009304 ], [ 12.108728548848722, 44.702628963714801 ] ] ] ] } },
{ "type": "Feature", "properties": { "id": null, "nome": null }, "geometry": { "type": "MultiPolygon", "coordinates": [ [ [ [ 12.108738866673058, 44.702530740726608 ], [ 12.108719034638005, 44.702526754355773 ], [ 12.108688453413086, 44.702526764540139 ], [ 12.108682181538319, 44.702528169985818 ], [ 12.108673611495417, 44.702572847692743 ], [ 12.108668370289998, 44.702604266047551 ], [ 12.108634466668803, 44.702660745038337 ], [ 12.108593292813808, 44.702721537303049 ], [ 12.108590628162933, 44.702736424637649 ], [ 12.10861304723325, 44.702756389842207 ], [ 12.108668400274359, 44.702766404279032 ], [ 12.108708666557376, 44.702764072615828 ], [ 12.108744995366251, 44.702742095241156 ], [ 12.108752379443722, 44.70272913691629 ], [ 12.108752218765769, 44.702683051006503 ], [ 12.108741991258899, 44.702653700201317 ], [ 12.108742670913159, 44.702612529640049 ], [ 12.108738311368697, 44.702595776085232 ], [ 12.108738866673058, 44.702530740726608 ] ] ] ] } },
{ "type": "Feature", "properties": { "id": null, "nome": null }, "geometry": { "type": "MultiPolygon", "coordinates": [ [ [ [ 12.108751578803284, 44.702552616466903 ], [ 12.108745582647369, 44.702526854054952 ], [ 12.108740044891618, 44.70252042061324 ], [ 12.108703793848218, 44.702511531835377 ], [ 12.108668005058242, 44.702511272380576 ], [ 12.108647391005043, 44.702525002682883 ], [ 12.108639760924369, 44.702544140510334 ], [ 12.108638729012478, 44.702578736341977 ], [ 12.108628540463648, 44.702625515744778 ], [ 12.108609661369556, 44.702682408415036 ], [ 12.108596309642952, 44.702713224699998 ], [ 12.108591622551559, 44.70274421643331 ], [ 12.108623348487301, 44.702765574148593 ], [ 12.108657294976318, 44.702774525741376 ], [ 12.108701216429941, 44.702775798176177 ], [ 12.108734304458181, 44.702768723839355 ], [ 12.108757887502195, 44.702756558707996 ], [ 12.10877405014001, 44.702735130785427 ], [ 12.108780039721315, 44.702717683729787 ], [ 12.10877566199504, 44.702689819620531 ], [ 12.108751578803284, 44.702552616466903 ] ] ] ] } },
{ "type": "Feature", "properties": { "id": null, "nome": null }, "geometry": { "type": "MultiPolygon", "coordinates": [ [ [ [ 12.108825033114918, 44.702695881765905 ], [ 12.108804170268234, 44.702661882505716 ], [ 12.108775843041521, 44.702617798612543 ], [ 12.108764070820497, 44.7025703829988 ], [ 12.108750970176361, 44.702519711415214 ], [ 12.108735329303345, 44.70250779196347 ], [ 12.108688329080483, 44.702502899742427 ], [ 12.108647552837819, 44.702506479853973 ], [ 12.108637045769404, 44.70251499653579 ], [ 12.108638784667852, 44.702547459272623 ], [ 12.108635800241023, 44.702588692628851 ], [ 12.10859947795665, 44.702653879436482 ], [ 12.108589671326328, 44.702686245214927 ], [ 12.108594897041639, 44.702697625410586 ], [ 12.108583427909032, 44.702731271045046 ], [ 12.108600723543095, 44.702763309933459 ], [ 12.108660972150085, 44.702778540757656 ], [ 12.108727430511586, 44.702780433702436 ], [ 12.108797393803355, 44.702772354619078 ], [ 12.108829861614673, 44.70276447411279 ], [ 12.108836625473797, 44.702750709640981 ], [ 12.108836101002602, 44.702730147910295 ], [ 12.108825033114918, 44.702695881765905 ] ] ] ] } },
{ "type": "Feature", "properties": { "id": null, "nome": null }, "geometry": { "type": "MultiPolygon", "coordinates": [ [ [ [ 12.1089441593956, 44.701973709609895 ], [ 12.108928848832626, 44.70196795399039 ], [ 12.108908837044346, 44.701971379918547 ], [ 12.108889041543595, 44.701989614686461 ], [ 12.108885128929654, 44.702024289015739 ], [ 12.108897147089893, 44.702065525111998 ], [ 12.108903939552144, 44.702095381024193 ], [ 12.108919048199445, 44.702108137996554 ], [ 12.108941628869273, 44.702109580314229 ], [ 12.108967248301839, 44.702103120936769 ], [ 12.108971175240551, 44.702090256798925 ], [ 12.108966907553407, 44.702064447298739 ], [ 12.108963149999422, 44.702037389336503 ], [ 12.108965154133063, 44.702010174376333 ], [ 12.108971983921457, 44.701997642660189 ], [ 12.108963811323381, 44.701985108217876 ], [ 12.1089441593956, 44.701973709609895 ] ] ] ] } },
{ "type": "Feature", "properties": { "id": null, "nome": null }, "geometry": { "type": "MultiPolygon", "coordinates": [ [ [ [ 12.108985933483464, 44.701967221558846 ], [ 12.108976806671457, 44.701958416802725 ], [ 12.108932753759401, 44.701954678932999 ], [ 12.108891753955957, 44.701964849551047 ], [ 12.108872424556859, 44.701981014013455 ], [ 12.108850654555072, 44.702005475382336 ], [ 12.108861124122436, 44.702039346309654 ], [ 12.108881604866212, 44.702087759189638 ], [ 12.108891660060216, 44.70210312298402 ], [ 12.108919598525516, 44.702118411012535 ], [ 12.10894856108971, 44.7021205024745 ], [ 12.108975754940181, 44.702111119551482 ], [ 12.108986860070004, 44.702102998062081 ], [ 12.108989304463298, 44.702084001514322 ], [ 12.108994493801584, 44.702073160579047 ], [ 12.109001125467993, 44.702056930575722 ], [ 12.109009805270832, 44.70201430745292 ], [ 12.109009192704884, 44.701992102039839 ], [ 12.108998407238703, 44.701973877511463 ], [ 12.108985933483464, 44.701967221558846 ] ] ] ] } },
{ "type": "Feature", "properties": { "id": null, "nome": null }, "geometry": { "type": "MultiPolygon", "coordinates": [ [ [ [ 12.108997148652737, 44.701961154672176 ], [ 12.10898820176655, 44.701944937645855 ], [ 12.108966641416259, 44.701940998412255 ], [ 12.108895148761563, 44.701952822956073 ], [ 12.10886968347357, 44.701962158760551 ], [ 12.108834881732644, 44.701991090415987 ], [ 12.108832129118007, 44.70200433407247 ], [ 12.108849094461366, 44.702030209118782 ], [ 12.108850481248682, 44.702056097121158 ], [ 12.108867710768335, 44.702086903211843 ], [ 12.108881817319194, 44.702113267669048 ], [ 12.1089013812324, 44.702123022603942 ], [ 12.10892876938183, 44.702128037613832 ], [ 12.1089572916846, 44.702121910660821 ], [ 12.108980562416138, 44.702114692238091 ], [ 12.108988276570786, 44.702107897709624 ], [ 12.108995752390742, 44.7020858834181 ], [ 12.10900302626777, 44.702070870476554 ], [ 12.109010366182147, 44.7020570902964 ], [ 12.109014498858599, 44.702026525171121 ], [ 12.109018385568216, 44.70200213955485 ], [ 12.108997148652737, 44.701961154672176 ] ] ] ] } },
{ "type": "Feature", "properties": { "id": null, "nome": null }, "geometry": { "type": "MultiPolygon", "coordinates": [ [ [ [ 12.109011596875698, 44.701961584014398 ], [ 12.109000327118331, 44.701934319232386 ], [ 12.108979276898898, 44.701929131539273 ], [ 12.108940339649328, 44.701934719247781 ], [ 12.108855525256288, 44.701956371732344 ], [ 12.108836797876803, 44.701962231773514 ], [ 12.108821343704054, 44.701986109525905 ], [ 12.108829636802632, 44.702033208413859 ], [ 12.108847919060411, 44.702094438337134 ], [ 12.108866921125198, 44.702126019171168 ], [ 12.108883314189146, 44.702141210273467 ], [ 12.108917220147617, 44.702138640321301 ], [ 12.108958440200583, 44.702132578897285 ], [ 12.108982353146144, 44.702126577536141 ], [ 12.109003653217838, 44.702114886081667 ], [ 12.109012787685803, 44.702102291563151 ], [ 12.109024740765221, 44.702077686145977 ], [ 12.10903314495758, 44.702062230881936 ], [ 12.109031934198809, 44.70203963024889 ], [ 12.109023541444467, 44.702022986605435 ], [ 12.109024925354026, 44.701994965503793 ], [ 12.109011596875698, 44.701961584014398 ] ] ] ] } },
{ "type": "Feature", "properties": { "id": null, "nome": null }, "geometry": { "type": "MultiPolygon", "coordinates": [ [ [ [ 12.108814011312226, 44.701824993290806 ], [ 12.108807919465837, 44.701818986469725 ], [ 12.108784740733013, 44.701817148900346 ], [ 12.10875324967815, 44.701821710617232 ], [ 12.108741036255848, 44.701830685322278 ], [ 12.108745795805461, 44.70184413581606 ], [ 12.10876250078104, 44.701854380192167 ], [ 12.108784751171161, 44.70184965873311 ], [ 12.108806139234195, 44.701839610999585 ], [ 12.108814011312226, 44.701824993290806 ] ] ] ] } },
{ "type": "Feature", "properties": { "id": null, "nome": null }, "geometry": { "type": "MultiPolygon", "coordinates": [ [ [ [ 12.108870369415484, 44.701810700538147 ], [ 12.108852090022047, 44.701803379720225 ], [ 12.108820911001992, 44.70180299470794 ], [ 12.108785984971432, 44.701808061548199 ], [ 12.108741128168129, 44.701821629367622 ], [ 12.1087308633589, 44.701834666183153 ], [ 12.108739766132411, 44.70185006139095 ], [ 12.108750111260393, 44.701860067532543 ], [ 12.108766930161194, 44.701861666874045 ], [ 12.108789382517855, 44.701849944063149 ], [ 12.10882069748742, 44.701842094970388 ], [ 12.108850526083897, 44.70183881309427 ], [ 12.108865022144252, 44.701829364660362 ], [ 12.108870369415484, 44.701810700538147 ] ] ] ] } },
{ "type": "Feature", "properties": { "id": null, "nome": null }, "geometry": { "type": "MultiPolygon", "coordinates": [ [ [ [ 12.108875000759289, 44.701810985864789 ], [ 12.108869753066667, 44.701799194759069 ], [ 12.108859738115678, 44.701795352438801 ], [ 12.108802679495813, 44.701785796085943 ], [ 12.108761841591736, 44.70177744382481 ], [ 12.108693061580787, 44.701764503102552 ], [ 12.108621422779258, 44.701752051748613 ], [ 12.10858465820823, 44.701755111016809 ], [ 12.108566040914184, 44.70176302561665 ], [ 12.108553217594061, 44.701803703994855 ], [ 12.108565459467574, 44.701838349704822 ], [ 12.108578281419614, 44.701862280076739 ], [ 12.108611541145587, 44.701869192793097 ], [ 12.108647285518101, 44.70186863043515 ], [ 12.108724003785689, 44.70186818624061 ], [ 12.108748312860248, 44.701869581503793 ], [ 12.108796512784254, 44.701864564521124 ], [ 12.108846441199576, 44.701859500420902 ], [ 12.108868383409144, 44.701849026056088 ], [ 12.108877073776888, 44.701838912771599 ], [ 12.108879628262553, 44.701821970828121 ], [ 12.108875000759289, 44.701810985864789 ] ] ] ] } },
{ "type": "Feature", "properties": { "id": null, "nome": null }, "geometry": { "type": "MultiPolygon", "coordinates": [ [ [ [ 12.108884545770753, 44.701827598123138 ], [ 12.108883489167573, 44.701807873930726 ], [ 12.108872215661295, 44.701791308769913 ], [ 12.108847844428013, 44.701777981133084 ], [ 12.108814896752113, 44.701766121737442 ], [ 12.108774701061705, 44.70175898654373 ], [ 12.108725972948811, 44.701754141417119 ], [ 12.108616105221786, 44.701749727505515 ], [ 12.108570610120603, 44.701751378554853 ], [ 12.108559350923331, 44.701756623558239 ], [ 12.108550744649422, 44.701779080141712 ], [ 12.108551309111643, 44.701811163359906 ], [ 12.108570285008717, 44.701853032969396 ], [ 12.108592251824495, 44.701896878689325 ], [ 12.108608662871777, 44.701923180394353 ], [ 12.108621976873565, 44.701934751740978 ], [ 12.108639081935669, 44.701941693070758 ], [ 12.108654616456166, 44.701940858299928 ], [ 12.108665989613554, 44.701926968252465 ], [ 12.108684900841579, 44.701902996329636 ], [ 12.10869604999802, 44.701895696709762 ], [ 12.108742943533413, 44.701887834700642 ], [ 12.108789282899894, 44.701880399292151 ], [ 12.108831655120859, 44.701874306520743 ], [ 12.108863414189265, 44.70186397619289 ], [ 12.108881767320783, 44.701851130496756 ], [ 12.108884545770753, 44.701827598123138 ] ] ] ] } },
{ "type": "Feature", "properties": { "id": null, "nome": null }, "geometry": { "type": "MultiPolygon", "coordinates": [ [ [ [ 12.108895357022137, 44.701835533948305 ], [ 12.108894854568799, 44.701815383136079 ], [ 12.108889408758412, 44.701799893745346 ], [ 12.108861100092694, 44.701766920415473 ], [ 12.108836090519297, 44.701741676075635 ], [ 12.108821249986391, 44.701723150499575 ], [ 12.108811995021385, 44.701701180566509 ], [ 12.108798794955188, 44.701680964207306 ], [ 12.108781135800495, 44.701674449519075 ], [ 12.108759487517384, 44.701668866560048 ], [ 12.108748584403971, 44.701669986675263 ], [ 12.10874144644095, 44.701676765488564 ], [ 12.10873973608919, 44.701687923142771 ], [ 12.108739332147813, 44.70170192584505 ], [ 12.108734538996355, 44.70172016334304 ], [ 12.108724674277058, 44.701729897093287 ], [ 12.10870628099711, 44.701731221284881 ], [ 12.108684698732198, 44.701726871074349 ], [ 12.108644767212356, 44.701724666882825 ], [ 12.108611991799243, 44.701726794431139 ], [ 12.108585022061591, 44.70172958683402 ], [ 12.10855811835159, 44.701733611993028 ], [ 12.108542275743154, 44.701728693857852 ], [ 12.10851945311863, 44.701722731327514 ], [ 12.108506245326252, 44.70172391420973 ], [ 12.108502982509028, 44.701738406320402 ], [ 12.108518839311564, 44.701765134659553 ], [ 12.108586490150255, 44.701897035667827 ], [ 12.108620090407458, 44.70194262202768 ], [ 12.10866008811057, 44.701946058985868 ], [ 12.108702372349821, 44.701938322577874 ], [ 12.108722740193564, 44.70193077178007 ], [ 12.108758180298295, 44.701913756858879 ], [ 12.108796079135185, 44.701899555576581 ], [ 12.108834554120197, 44.701885338583104 ], [ 12.108874049344632, 44.701868624654523 ], [ 12.108887617039329, 44.701852617186162 ], [ 12.108895357022137, 44.701835533948305 ] ] ] ] } },
{ "type": "Feature", "properties": { "id": null, "nome": null }, "geometry": { "type": "MultiPolygon", "coordinates": [ [ [ [ 12.108573258971585, 44.7014453409071 ], [ 12.108550522544453, 44.701446371882604 ], [ 12.108537922039634, 44.701453505270109 ], [ 12.108531347280568, 44.701465412732155 ], [ 12.108532497652869, 44.701470731156881 ], [ 12.108550910913655, 44.70147516773585 ], [ 12.108566267280157, 44.701476395433318 ], [ 12.108578834770924, 44.701468645661436 ], [ 12.108589110559903, 44.701455814320134 ], [ 12.1085921933644, 44.701448734479861 ], [ 12.108573258971585, 44.7014453409071 ] ] ] ] } },
{ "type": "Feature", "properties": { "id": null, "nome": null }, "geometry": { "type": "MultiPolygon", "coordinates": [ [ [ [ 12.108609208965708, 44.701427077577883 ], [ 12.108558493684773, 44.701433603334024 ], [ 12.10851466838098, 44.701444879598817 ], [ 12.108481689157198, 44.701459358277091 ], [ 12.108467602253972, 44.701471058878134 ], [ 12.108469434911209, 44.701489115850357 ], [ 12.10849348875586, 44.701491135402385 ], [ 12.108523704321781, 44.701489694911267 ], [ 12.108573234314344, 44.701482584183253 ], [ 12.108623507480939, 44.701473189822778 ], [ 12.108673861550056, 44.701454534024819 ], [ 12.108676526138574, 44.70143964668766 ], [ 12.108664872759313, 44.701432145306335 ], [ 12.108609208965708, 44.701427077577883 ] ] ] ] } },
{ "type": "Feature", "properties": { "id": null, "nome": null }, "geometry": { "type": "MultiPolygon", "coordinates": [ [ [ [ 12.108680310035078, 44.701424111572905 ], [ 12.108642247052543, 44.701402926527301 ], [ 12.108571168015875, 44.701406303428698 ], [ 12.108505782609361, 44.701413640370376 ], [ 12.10848197798706, 44.70142704604951 ], [ 12.10846141340039, 44.701457853072498 ], [ 12.108442500250765, 44.701487174778229 ], [ 12.108445874313423, 44.701501691832597 ], [ 12.108466313195695, 44.701511628765715 ], [ 12.108499572706764, 44.701518541521068 ], [ 12.108531417733472, 44.70151520479186 ], [ 12.108555932554113, 44.701498899109779 ], [ 12.108585267713446, 44.701481021769418 ], [ 12.108614143855586, 44.701476119823049 ], [ 12.108649058700438, 44.701470847579927 ], [ 12.108674358734199, 44.701458429923171 ], [ 12.108679662017947, 44.701438943966536 ], [ 12.108680310035078, 44.701424111572905 ] ] ] ] } },
{ "type": "Feature", "properties": { "id": null, "nome": null }, "geometry": { "type": "MultiPolygon", "coordinates": [ [ [ [ 12.108618489109341, 44.701958509193823 ], [ 12.108665731006745, 44.701967921584725 ], [ 12.108705288500849, 44.701963140111665 ], [ 12.108776322821777, 44.701931986713397 ], [ 12.108809212254886, 44.701921214081253 ], [ 12.108867610970922, 44.701901927483419 ], [ 12.108914027869117, 44.701863625876527 ], [ 12.108928711521768, 44.701825365890144 ], [ 12.108923831352845, 44.701777350971021 ], [ 12.108854817932654, 44.701673882201739 ], [ 12.108802230097469, 44.701618525256762 ], [ 12.108788119855216, 44.701602860421104 ], [ 12.108763058635546, 44.701598193496018 ], [ 12.108728888846715, 44.701595832344942 ], [ 12.108717967607637, 44.701585841898037 ], [ 12.108721828539668, 44.701571745004955 ], [ 12.108744482767445, 44.701553020854043 ], [ 12.108734827788465, 44.701534353977138 ], [ 12.108717884663433, 44.701508889827188 ], [ 12.10870747744916, 44.701486951279684 ], [ 12.108709295225937, 44.701423939116928 ], [ 12.108723688901684, 44.701391036822095 ], [ 12.108747165216899, 44.701366117463863 ], [ 12.108760982696609, 44.701333230863526 ], [ 12.108768550431504, 44.701302160629481 ], [ 12.108772525258557, 44.701279418700445 ], [ 12.108742954550465, 44.701244422123111 ], [ 12.108707288232205, 44.701214118346584 ], [ 12.108615371914118, 44.701146252684872 ], [ 12.10858218253899, 44.701129873080347 ], [ 12.108445900075166, 44.701038936327656 ], [ 12.108410696219813, 44.701017261788721 ], [ 12.108361236409561, 44.700985276085341 ], [ 12.108346876462992, 44.700986490337542 ], [ 12.108328835533944, 44.700994389197227 ], [ 12.108318600678743, 44.700986437614588 ], [ 12.108319228757889, 44.700965844478084 ], [ 12.10830704535616, 44.700953830773265 ], [ 12.108229767997914, 44.700911491783081 ], [ 12.108175985204952, 44.700884973532645 ], [ 12.108146667185945, 44.700887006761789 ], [ 12.108130442757432, 44.700896502188186 ], [ 12.108122970723771, 44.700907816789574 ], [ 12.108140067448858, 44.700936157489586 ], [ 12.108170505970794, 44.701019690005374 ], [ 12.108192160064313, 44.701068482572566 ], [ 12.108233623706795, 44.701120850687246 ], [ 12.108288879172314, 44.701150620954124 ], [ 12.108347881709376, 44.7011749393454 ], [ 12.108360039217212, 44.701197241763566 ], [ 12.108360181448683, 44.701232217131533 ], [ 12.108365711150391, 44.701260049878385 ], [ 12.108358107069956, 44.701268898969097 ], [ 12.108314586855856, 44.701264323306113 ], [ 12.108300094791158, 44.701263072028674 ], [ 12.10828763932177, 44.701267526554204 ], [ 12.108272919262587, 44.701283565345562 ], [ 12.108294027304977, 44.701311385222063 ], [ 12.108369884890038, 44.701359524132549 ], [ 12.108387536032708, 44.701387438168922 ], [ 12.108386485879901, 44.701410923446971 ], [ 12.108406469991465, 44.701482395094011 ], [ 12.108428266759395, 44.701566162967715 ], [ 12.108458816119525, 44.701651749982176 ], [ 12.108498018091606, 44.701739981895187 ], [ 12.108618489109341, 44.701958509193823 ] ] ] ] } },
{ "type": "Feature", "properties": { "id": null, "nome": null }, "geometry": { "type": "MultiPolygon", "coordinates": [ [ [ [ 12.108439583687364, 44.701524291081014 ], [ 12.108490396148616, 44.701524964338752 ], [ 12.108505772580985, 44.701531952784507 ], [ 12.10853368865653, 44.701546829998534 ], [ 12.108576405032455, 44.701568711338574 ], [ 12.108617796918606, 44.701576637052497 ], [ 12.108642524072117, 44.701585839836802 ], [ 12.108674037021222, 44.701581689074438 ], [ 12.108696819458176, 44.701576130095319 ], [ 12.108717675297402, 44.701566919920189 ], [ 12.1087264795802, 44.701548161612877 ], [ 12.108699965659405, 44.701516373902734 ], [ 12.108687209774953, 44.70149367630485 ], [ 12.108690186393288, 44.701473842219961 ], [ 12.108697332094435, 44.701445664133402 ], [ 12.108703307330325, 44.701406406883841 ], [ 12.108706809577614, 44.701342525783929 ], [ 12.108697884887105, 44.701326719649188 ], [ 12.108684618920019, 44.701305270509785 ], [ 12.108681903834624, 44.701276126529898 ], [ 12.108672951001466, 44.701246329462812 ], [ 12.10865237105784, 44.70122837175996 ], [ 12.108610209062869, 44.70120606382249 ], [ 12.108560916983427, 44.701169135390778 ], [ 12.108386890106454, 44.701095276209472 ], [ 12.108352952541988, 44.701064925223918 ], [ 12.108302604368575, 44.701008272466268 ], [ 12.108255375204195, 44.700966760975938 ], [ 12.108217676707815, 44.700920051585285 ], [ 12.108193265956679, 44.700895202308601 ], [ 12.108177199561316, 44.700896874546665 ], [ 12.108163609868287, 44.700912471010994 ], [ 12.108167697051577, 44.70094569283178 ], [ 12.108196032948072, 44.700992657293625 ], [ 12.108254303298846, 44.701078723757014 ], [ 12.108325335127109, 44.701112179425287 ], [ 12.108417621088696, 44.701168101156497 ], [ 12.108417621088696, 44.701168101156497 ], [ 12.108429650498071, 44.701177238400902 ], [ 12.10844887055587, 44.701277537293485 ], [ 12.108441525119765, 44.701366625840308 ], [ 12.108434881582957, 44.701414954734439 ], [ 12.108426241511212, 44.701469099308085 ], [ 12.108422970828647, 44.701504990696655 ], [ 12.108439583687364, 44.701524291081014 ] ] ] ] } },
{ "type": "Feature", "properties": { "id": null, "nome": null }, "geometry": { "type": "MultiPolygon", "coordinates": [ [ [ [ 12.107283726746394, 44.700024095937799 ], [ 12.107264269659355, 44.700027094950229 ], [ 12.107230290506143, 44.700049830911411 ], [ 12.107192203939366, 44.700092843227488 ], [ 12.107193343733758, 44.700124910791537 ], [ 12.107223885064206, 44.700167288713935 ], [ 12.107251936308092, 44.700173932152978 ], [ 12.107309485411964, 44.700171130311212 ], [ 12.107340003555477, 44.700159188119592 ], [ 12.107355167758778, 44.700140668227242 ], [ 12.107371888535276, 44.700108114241033 ], [ 12.107373185246509, 44.700078449444916 ], [ 12.107364155262422, 44.700049888932881 ], [ 12.107343466154276, 44.70002987636051 ], [ 12.107283726746394, 44.700024095937799 ] ] ] ] } },
{ "type": "Feature", "properties": { "id": null, "nome": null }, "geometry": { "type": "MultiPolygon", "coordinates": [ [ [ [ 12.107359606620514, 44.700008037714831 ], [ 12.107307621175748, 44.700006984376095 ], [ 12.107257734016478, 44.700023569254277 ], [ 12.107218125360944, 44.700048927646634 ], [ 12.107177307856427, 44.700105594508649 ], [ 12.107175122733874, 44.70014022174324 ], [ 12.10719725012072, 44.700165544944539 ], [ 12.107208944971308, 44.700179218156549 ], [ 12.107218401221047, 44.700194186893391 ], [ 12.107249623388633, 44.700195394211114 ], [ 12.107341195717087, 44.700170678227622 ], [ 12.107374400737015, 44.700144259631834 ], [ 12.107379682364126, 44.700124362801631 ], [ 12.107380749468106, 44.700058078928357 ], [ 12.107370725325186, 44.700021726601534 ], [ 12.107359606620514, 44.700008037714831 ] ] ] ] } },
{ "type": "Feature", "properties": { "id": null, "nome": null }, "geometry": { "type": "MultiPolygon", "coordinates": [ [ [ [ 12.107385019059432, 44.700019279713985 ], [ 12.107372330044141, 44.699997814704624 ], [ 12.107333754187206, 44.699988577281538 ], [ 12.107286263801242, 44.699996043445324 ], [ 12.107237062791734, 44.700014667230867 ], [ 12.107187207091085, 44.700064172866909 ], [ 12.107163097913004, 44.700120384705237 ], [ 12.107165790152319, 44.7001491178276 ], [ 12.107190129977292, 44.700183434231761 ], [ 12.107215006148049, 44.700206213448418 ], [ 12.107241531112013, 44.700205902605958 ], [ 12.107313822326004, 44.700187473021884 ], [ 12.107360384703584, 44.700173447791521 ], [ 12.107380980401924, 44.700148607163229 ], [ 12.10738632802911, 44.700129943096897 ], [ 12.10738383782169, 44.70009420862786 ], [ 12.107386686971573, 44.700061209386824 ], [ 12.107385019059432, 44.700019279713985 ] ] ] ] } },
{ "type": "Feature", "properties": { "id": null, "nome": null }, "geometry": { "type": "MultiPolygon", "coordinates": [ [ [ [ 12.10767141007711, 44.699777941653714 ], [ 12.107660643390389, 44.699770827537321 ], [ 12.107640120858207, 44.699807806081495 ], [ 12.107655910216302, 44.699892560785948 ], [ 12.107671810884625, 44.699947065693543 ], [ 12.107693410339273, 44.699962526684665 ], [ 12.107707402929796, 44.699965231966168 ], [ 12.10771997633393, 44.699941432824396 ], [ 12.107712948871532, 44.699891007205203 ], [ 12.107704754050305, 44.699851107155922 ], [ 12.10769310235845, 44.699811301262088 ], [ 12.10767141007711, 44.699777941653714 ] ] ] ] } },
{ "type": "Feature", "properties": { "id": null, "nome": null }, "geometry": { "type": "MultiPolygon", "coordinates": [ [ [ [ 12.107655188627286, 44.699693198719103 ], [ 12.107634328788462, 44.699699631046471 ], [ 12.107631611413066, 44.69972161853039 ], [ 12.107629195290658, 44.699781560582615 ], [ 12.107624905278376, 44.699830751257984 ], [ 12.107627370156667, 44.699860622244522 ], [ 12.10763981389827, 44.699915221312523 ], [ 12.107651590284506, 44.69993311034456 ], [ 12.107686694578561, 44.699966413289538 ], [ 12.107706766679732, 44.699977594913136 ], [ 12.107721078925305, 44.699970106352204 ], [ 12.10773007991782, 44.699944244030398 ], [ 12.107735330026097, 44.699904903694708 ], [ 12.107735259727942, 44.699871263802521 ], [ 12.107708419975967, 44.699782180488462 ], [ 12.107701567953935, 44.699751194436523 ], [ 12.107694544800831, 44.69973317594355 ], [ 12.107685449736069, 44.699700707782888 ], [ 12.107674250952998, 44.699693605436849 ], [ 12.107655188627286, 44.699693198719103 ] ] ] ] } },
{ "type": "Feature", "properties": { "id": null, "nome": null }, "geometry": { "type": "MultiPolygon", "coordinates": [ [ [ [ 12.107672033588779, 44.699668357315737 ], [ 12.107636531544927, 44.699676114376871 ], [ 12.107608118614349, 44.699703122691027 ], [ 12.107598233804001, 44.699736725087085 ], [ 12.107599261101438, 44.699788240059831 ], [ 12.107608052964972, 44.699831210259958 ], [ 12.107624976670216, 44.699904823017164 ], [ 12.107637746219588, 44.699933178774643 ], [ 12.107670475423069, 44.699962534089231 ], [ 12.107695231681472, 44.699980378220815 ], [ 12.107714426118891, 44.699983250456818 ], [ 12.107734124784255, 44.69997129421504 ], [ 12.107744273584544, 44.699942622864519 ], [ 12.107751535717647, 44.699900449960936 ], [ 12.107741684539445, 44.699845780289323 ], [ 12.107722438192866, 44.699761119756694 ], [ 12.10770844443989, 44.699717982611403 ], [ 12.107690858758259, 44.699680498826886 ], [ 12.107672033588779, 44.699668357315737 ] ] ] ] } },
{ "type": "Feature", "properties": { "id": null, "nome": null }, "geometry": { "type": "MultiPolygon", "coordinates": [ [ [ [ 12.107675222186984, 44.699630924973874 ], [ 12.107647220671097, 44.699625206205418 ], [ 12.10762486343973, 44.699636000281743 ], [ 12.107591305489601, 44.699688148601211 ], [ 12.107580206848619, 44.699723327258468 ], [ 12.107573591232429, 44.69976949486901 ], [ 12.107580093585568, 44.699802033654557 ], [ 12.107602582111024, 44.699882593579417 ], [ 12.107635599097886, 44.69994157054721 ], [ 12.107691488136172, 44.69999128260023 ], [ 12.107708538520338, 44.699994521876071 ], [ 12.107729332445455, 44.69998685676893 ], [ 12.107746975666737, 44.699960759050839 ], [ 12.107759918204842, 44.699927690637345 ], [ 12.107761542077235, 44.699852955422095 ], [ 12.107760670503746, 44.699828596567848 ], [ 12.107743727099711, 44.699762700377654 ], [ 12.107732217811746, 44.699741717675259 ], [ 12.107714990879094, 44.699678606966671 ], [ 12.107706272298575, 44.699661251934501 ], [ 12.107675222186984, 44.699630924973874 ] ] ] ] } },
{ "type": "Feature", "properties": { "id": null, "nome": null }, "geometry": { "type": "MultiPolygon", "coordinates": [ [ [ [ 12.10836816403998, 44.699552481431056 ], [ 12.108352723681, 44.699555062559952 ], [ 12.108314923274898, 44.699576462626723 ], [ 12.108317630117535, 44.699627005916689 ], [ 12.108341388837252, 44.69969086450952 ], [ 12.108360827817451, 44.699706384232478 ], [ 12.108386137743889, 44.699710324311056 ], [ 12.108425281092641, 44.699697838206681 ], [ 12.108439213539153, 44.699683261172481 ], [ 12.108447980132356, 44.699661108864426 ], [ 12.108440833588546, 44.699616550701357 ], [ 12.108436920473897, 44.699591966074905 ], [ 12.108419041929906, 44.699581342099592 ], [ 12.108396512198084, 44.699564672027748 ], [ 12.10836816403998, 44.699552481431056 ] ] ] ] } },
{ "type": "Feature", "properties": { "id": null, "nome": null }, "geometry": { "type": "MultiPolygon", "coordinates": [ [ [ [ 12.108442491324457, 44.6995828637301 ], [ 12.108417050668747, 44.699528001552679 ], [ 12.108395094005571, 44.699489711036847 ], [ 12.108380243222232, 44.699470979916647 ], [ 12.1083283302355, 44.699455110328167 ], [ 12.108280765397797, 44.699455788845398 ], [ 12.108260237400428, 44.699508816954449 ], [ 12.108261242799722, 44.699576073181426 ], [ 12.108283391512652, 44.699634111478879 ], [ 12.108328994326119, 44.69972607854298 ], [ 12.108354969107687, 44.699774753378769 ], [ 12.108375137330791, 44.699795808759959 ], [ 12.10839242173167, 44.699795337872878 ], [ 12.108417853158603, 44.699785385814764 ], [ 12.108432991794304, 44.699744850123878 ], [ 12.108441150637752, 44.699703270026575 ], [ 12.108459250932835, 44.69965339443128 ], [ 12.108456604076974, 44.699620133375234 ], [ 12.108442491324457, 44.6995828637301 ] ] ] ] } },
{ "type": "Feature", "properties": { "id": null, "nome": null }, "geometry": { "type": "MultiPolygon", "coordinates": [ [ [ [ 12.108272397384075, 44.699881323334182 ], [ 12.108322153162696, 44.699889227064659 ], [ 12.108397544420258, 44.699874827543674 ], [ 12.108423846017834, 44.699848802475373 ], [ 12.108464190909205, 44.699777950581598 ], [ 12.108488076638819, 44.699722979115677 ], [ 12.10848862253701, 44.699684692829031 ], [ 12.108490638675255, 44.699625378936567 ], [ 12.108493056859716, 44.699557412157773 ], [ 12.108477254588479, 44.699504756524497 ], [ 12.108456327168961, 44.699469524383787 ], [ 12.108396483036064, 44.699418685892233 ], [ 12.108333380215026, 44.699371639830815 ], [ 12.108285623349913, 44.699352570592701 ], [ 12.108272825194419, 44.699356005651609 ], [ 12.108234424742349, 44.699382360286087 ], [ 12.108203928236865, 44.699427018016188 ], [ 12.108182899057679, 44.699486849854452 ], [ 12.10816855250993, 44.699542178676978 ], [ 12.108164576544956, 44.699597224987095 ], [ 12.108179316293219, 44.69964620592296 ], [ 12.108200627765642, 44.699720933627439 ], [ 12.108212246772025, 44.699760123079152 ], [ 12.108223358707422, 44.699822165735107 ], [ 12.10825166203373, 44.699865838912615 ], [ 12.108272397384075, 44.699881323334182 ] ] ] ] } },
{ "type": "Feature", "properties": { "id": null, "nome": null }, "geometry": { "type": "MultiPolygon", "coordinates": [ [ [ [ 12.107719779592109, 44.700196375173313 ], [ 12.107735929756357, 44.700207046334825 ], [ 12.107760095098374, 44.700205770841023 ], [ 12.107760905504627, 44.700172415601905 ], [ 12.107747525246797, 44.700132656797976 ], [ 12.107734943224365, 44.700091641688395 ], [ 12.107730766327709, 44.700062125977063 ], [ 12.10773698702627, 44.700048993641282 ], [ 12.107752378040262, 44.700045488018731 ], [ 12.107767960987148, 44.700061730153365 ], [ 12.107777659395255, 44.700081218974198 ], [ 12.107819835300806, 44.700093033070466 ], [ 12.107890167579994, 44.700097290109895 ], [ 12.107943023372703, 44.700082270172743 ], [ 12.108021745877853, 44.70004926173339 ], [ 12.108072708101437, 44.700031206913131 ], [ 12.108137326830583, 44.700025742947581 ], [ 12.108192637143306, 44.700024236208797 ], [ 12.108220292298039, 44.700023482829387 ], [ 12.108307929944637, 44.700015539839939 ], [ 12.108379303282447, 44.699990756016071 ], [ 12.108431564625864, 44.699964640991602 ], [ 12.108441545061947, 44.699940912412842 ], [ 12.108504980783895, 44.699852764833729 ], [ 12.108528223913378, 44.699737317342411 ], [ 12.108537648946072, 44.699687060808984 ], [ 12.108551088464941, 44.699566324879953 ], [ 12.108533692096044, 44.699419268709669 ], [ 12.108489757539029, 44.699309972408223 ], [ 12.108467365856367, 44.699279718408853 ], [ 12.108359291119582, 44.699233280295104 ], [ 12.108303552442313, 44.699226774132569 ], [ 12.108253428164909, 44.699228139645378 ], [ 12.108208384143055, 44.699243564201161 ], [ 12.108157746726802, 44.699283832347874 ], [ 12.108118878147454, 44.699317607066945 ], [ 12.108079370342683, 44.699371769455333 ], [ 12.108045410834317, 44.699432570781305 ], [ 12.108015361352756, 44.699437093025537 ], [ 12.107897113928445, 44.699439079489906 ], [ 12.1078459211202, 44.699452819547226 ], [ 12.107703799528306, 44.699477678222934 ], [ 12.107629773984993, 44.699485249997522 ], [ 12.107574667896477, 44.699518849506767 ], [ 12.107556474023186, 44.699550826365659 ], [ 12.107537213912028, 44.699676041674927 ], [ 12.107556212684448, 44.699885399718191 ], [ 12.107574666773271, 44.699955267115428 ], [ 12.107630132133108, 44.700069805227301 ], [ 12.107719779592109, 44.700196375173313 ] ] ] ] } },
{ "type": "Feature", "properties": { "id": null, "nome": null }, "geometry": { "type": "MultiPolygon", "coordinates": [ [ [ [ 12.109486270840261, 44.699869852753224 ], [ 12.109459012064445, 44.699878003007825 ], [ 12.109455642990175, 44.699912045271624 ], [ 12.109470125356127, 44.699940045503446 ], [ 12.10949850694789, 44.699952852194627 ], [ 12.109526470466236, 44.699925547017685 ], [ 12.109508933089822, 44.699888988120421 ], [ 12.109495981021174, 44.699857242502695 ], [ 12.109486270840261, 44.699869852753224 ] ] ] ] } },
{ "type": "Feature", "properties": { "id": null, "nome": null }, "geometry": { "type": "MultiPolygon", "coordinates": [ [ [ [ 12.109909036886725, 44.699481788932594 ], [ 12.109890965476346, 44.699451417457119 ], [ 12.109843637409559, 44.699440361836842 ], [ 12.109832198943144, 44.699453019224059 ], [ 12.109848145578731, 44.699476041251906 ], [ 12.109857073907264, 44.699513452031667 ], [ 12.109870323324518, 44.699550745032774 ], [ 12.10989301859313, 44.699570496705192 ], [ 12.109927812897466, 44.699589918589851 ], [ 12.109954867805387, 44.699594119397162 ], [ 12.10996843652827, 44.699572762000415 ], [ 12.10994771185605, 44.699525178990797 ], [ 12.109930273434371, 44.699490469302098 ], [ 12.109909036886725, 44.699481788932594 ] ] ] ] } },
{ "type": "Feature", "properties": { "id": null, "nome": null }, "geometry": { "type": "MultiPolygon", "coordinates": [ [ [ [ 12.109924234948842, 44.699458535287512 ], [ 12.109854613501554, 44.699419075118726 ], [ 12.109834103566778, 44.699423955109765 ], [ 12.109827244843528, 44.699457475220001 ], [ 12.109847573073997, 44.699497661687055 ], [ 12.109851316116474, 44.699535213798889 ], [ 12.109864697642488, 44.699574972323241 ], [ 12.10988609935338, 44.69958673460345 ], [ 12.109928440417505, 44.699601629822048 ], [ 12.109958121006461, 44.699606376341158 ], [ 12.109977436498406, 44.699595356076628 ], [ 12.10997468969499, 44.699560245937832 ], [ 12.109951675125767, 44.699502231570655 ], [ 12.109924234948842, 44.699458535287512 ] ] ] ] } },
{ "type": "Feature", "properties": { "id": null, "nome": null }, "geometry": { "type": "MultiPolygon", "coordinates": [ [ [ [ 12.109950089806393, 44.699472645299899 ], [ 12.10992637071644, 44.699433785837606 ], [ 12.109890783866808, 44.699399570812986 ], [ 12.109838479787784, 44.69936025589918 ], [ 12.109812184591755, 44.69937023181776 ], [ 12.10980845245383, 44.699397493899944 ], [ 12.109818393476047, 44.699486111394322 ], [ 12.109842035407786, 44.69955583702572 ], [ 12.10988057827316, 44.699596761583486 ], [ 12.109931594531261, 44.699612037625002 ], [ 12.109965530150653, 44.699615433600705 ], [ 12.109991896969822, 44.699590640953822 ], [ 12.109986887792072, 44.699561765290888 ], [ 12.109950089806393, 44.699472645299899 ] ] ] ] } },
{ "type": "Feature", "properties": { "id": null, "nome": null }, "geometry": { "type": "MultiPolygon", "coordinates": [ [ [ [ 12.109983551974061, 44.699499510848703 ], [ 12.10995388793534, 44.699446615976413 ], [ 12.109931666090169, 44.699403394738077 ], [ 12.109904022303494, 44.699372049617068 ], [ 12.109828588210325, 44.699321019529016 ], [ 12.109797416078139, 44.699304585292289 ], [ 12.109790056413543, 44.69934490914418 ], [ 12.109796980961718, 44.699409534902976 ], [ 12.109817424647215, 44.699500335260979 ], [ 12.109837213406065, 44.699562758545014 ], [ 12.10985438758423, 44.699592537203038 ], [ 12.109876917730494, 44.69960920697482 ], [ 12.109930493620105, 44.69962379596911 ], [ 12.109956915521858, 44.699632334995847 ], [ 12.109986931896328, 44.699627195860927 ], [ 12.110009913385852, 44.699587680744784 ], [ 12.109983551974061, 44.699499510848703 ] ] ] ] } },
{ "type": "Feature", "properties": { "id": null, "nome": null }, "geometry": { "type": "MultiPolygon", "coordinates": [ [ [ [ 12.111139742907424, 44.703822828300595 ], [ 12.111124757849881, 44.70382786651173 ], [ 12.111117636116532, 44.703840329154573 ], [ 12.11112068744862, 44.703848810719769 ], [ 12.111139070820542, 44.703858726058101 ], [ 12.111156196869645, 44.703863351633331 ], [ 12.111174472544722, 44.703859149610359 ], [ 12.11118484579276, 44.703852848266862 ], [ 12.111192527067473, 44.703844768486015 ], [ 12.111191957029684, 44.703834135940632 ], [ 12.111174995905076, 44.703820478145722 ], [ 12.111162194748617, 44.703817817964435 ], [ 12.111139742907424, 44.703822828300595 ] ] ] ] } },
{ "type": "Feature", "properties": { "id": null, "nome": null }, "geometry": { "type": "MultiPolygon", "coordinates": [ [ [ [ 12.110924808592905, 44.70380044827774 ], [ 12.110898281621814, 44.703802097474934 ], [ 12.110863249710599, 44.703814626645105 ], [ 12.110826372283586, 44.703829057964022 ], [ 12.110784932595715, 44.703843150698837 ], [ 12.110759995479318, 44.703862349012411 ], [ 12.110741016132518, 44.703883699688824 ], [ 12.110752870419349, 44.70392319108506 ], [ 12.110794100223954, 44.703941511312422 ], [ 12.110842885539761, 44.703955458879726 ], [ 12.110877558947749, 44.703972568956161 ], [ 12.11092839193903, 44.703976275527332 ], [ 12.110968081450432, 44.703977971114668 ], [ 12.11101173842663, 44.703968910419945 ], [ 12.111136526543996, 44.703902082232105 ], [ 12.111173829085441, 44.703883472577253 ], [ 12.111202056680789, 44.703865110368412 ], [ 12.111211312721066, 44.703844024753948 ], [ 12.111208554025744, 44.703816785315141 ], [ 12.111187067838589, 44.703803482392892 ], [ 12.111127064773989, 44.703786137171043 ], [ 12.11109089288885, 44.703777401316884 ], [ 12.111047661229621, 44.703782283801345 ], [ 12.110924808592905, 44.70380044827774 ] ] ] ] } },
{ "type": "Feature", "properties": { "id": null, "nome": null }, "geometry": { "type": "MultiPolygon", "coordinates": [ [ [ [ 12.111091668853136, 44.7037676579899 ], [ 12.11100219140409, 44.703769634800899 ], [ 12.110950380476885, 44.703784010382826 ], [ 12.110883834207678, 44.703802028430744 ], [ 12.110811875299893, 44.70382806434143 ], [ 12.110774997850832, 44.703842495644295 ], [ 12.110739367239436, 44.703855967020381 ], [ 12.110724202799956, 44.703875824802402 ], [ 12.110741866178749, 44.70391469485989 ], [ 12.110760033013394, 44.703938736455285 ], [ 12.11079209266669, 44.703943417889384 ], [ 12.110844040799963, 44.703967927312178 ], [ 12.110886220137456, 44.70397974017137 ], [ 12.110938374338122, 44.70398387367505 ], [ 12.111005589931894, 44.703978337276098 ], [ 12.11105366430041, 44.703954804345983 ], [ 12.111104182765567, 44.70392842698903 ], [ 12.111156546675563, 44.703900147446724 ], [ 12.111190335537549, 44.703876541032486 ], [ 12.1112199091104, 44.703859068037701 ], [ 12.111224029045163, 44.703839048396283 ], [ 12.111216580367913, 44.703821196054157 ], [ 12.111203198686162, 44.703801653652711 ], [ 12.111148732083381, 44.703778601947583 ], [ 12.111091668853136, 44.7037676579899 ] ] ] ] } },
{ "type": "Feature", "properties": { "id": null, "nome": null }, "geometry": { "type": "MultiPolygon", "coordinates": [ [ [ [ 12.110905107630742, 44.70366302323653 ], [ 12.110815899022896, 44.703682122106272 ], [ 12.110741475214846, 44.703698503009242 ], [ 12.110702029778611, 44.703713467263185 ], [ 12.110687439227789, 44.703731920512986 ], [ 12.110692357473507, 44.703787341672324 ], [ 12.110700665457401, 44.703845448176274 ], [ 12.110697408732481, 44.703893684849021 ], [ 12.110706921875474, 44.703925832712095 ], [ 12.110772127625566, 44.703967573207777 ], [ 12.110808894340108, 44.70398740399456 ], [ 12.110854186942934, 44.704008854151283 ], [ 12.110852346789132, 44.704071403976464 ], [ 12.110865030646973, 44.704090039524111 ], [ 12.110896041789678, 44.704099379120642 ], [ 12.110924240925032, 44.704092591766766 ], [ 12.110955705892628, 44.704086178319898 ], [ 12.110976725124791, 44.70407866079988 ], [ 12.110991864742362, 44.704058340701167 ], [ 12.111003416334951, 44.704031636987857 ], [ 12.111016037438791, 44.704012774438013 ], [ 12.111037333099405, 44.703998304963605 ], [ 12.111053021752872, 44.703976118044523 ], [ 12.111064268216488, 44.703967941060569 ], [ 12.111122164831215, 44.703945992119131 ], [ 12.111215859714141, 44.703892511607059 ], [ 12.111237952197078, 44.703880798129312 ], [ 12.111250048908101, 44.703864264654712 ], [ 12.111255415680036, 44.703843285091764 ], [ 12.111241216087336, 44.703808487304912 ], [ 12.111219135070005, 44.703784089559143 ], [ 12.111190695917085, 44.703762179985823 ], [ 12.111104539789054, 44.703668696466401 ], [ 12.111070926622345, 44.703610817032114 ], [ 12.111062936646347, 44.703570757338937 ], [ 12.111041469848818, 44.703497269005247 ], [ 12.111006053213314, 44.703466290430072 ], [ 12.110954845257355, 44.703428335045345 ], [ 12.110932198406401, 44.703381267609643 ], [ 12.110880360119074, 44.703249811369481 ], [ 12.110830636247847, 44.703133575148662 ], [ 12.11078851360827, 44.703025927908527 ], [ 12.110753299910137, 44.702947258792832 ], [ 12.110703622211448, 44.702843984145957 ], [ 12.110687421204767, 44.702832388874832 ], [ 12.110662318895285, 44.702824277005682 ], [ 12.110649354946693, 44.702824630447573 ], [ 12.110644413214441, 44.702841431752525 ], [ 12.110646309375987, 44.70291313892821 ], [ 12.11065925480335, 44.703045655642086 ], [ 12.110670958576339, 44.703239779943004 ], [ 12.110676648839938, 44.703297494860657 ], [ 12.110732795936997, 44.703364019256902 ], [ 12.110791053431612, 44.703457800750861 ], [ 12.110777974589078, 44.703504453382529 ], [ 12.110748074992392, 44.703527953637597 ], [ 12.110721664201666, 44.703555988370084 ], [ 12.110698345734612, 44.703581161025319 ], [ 12.110705022112468, 44.703596719655835 ], [ 12.110841640987848, 44.703602254021284 ], [ 12.110918455332717, 44.703594141160501 ], [ 12.110948091584355, 44.703614166320612 ], [ 12.110956114009527, 44.703630614155749 ], [ 12.110954413343121, 44.703647327101187 ], [ 12.110905107630742, 44.70366302323653 ] ] ] ] } },
{ "type": "Feature", "properties": { "id": null, "nome": null }, "geometry": { "type": "MultiPolygon", "coordinates": [ [ [ [ 12.110400780021866, 44.701829329183283 ], [ 12.110395661477886, 44.701815579905151 ], [ 12.110364251222268, 44.701810880654349 ], [ 12.110353159906714, 44.701821946844959 ], [ 12.110350066796604, 44.701845989372529 ], [ 12.110353705319991, 44.701868459508972 ], [ 12.110358114735851, 44.701878061475647 ], [ 12.110386831171231, 44.701887000809229 ], [ 12.11040926795603, 44.701887778037666 ], [ 12.110423164620013, 44.701874552041652 ], [ 12.110421337553184, 44.701858629712092 ], [ 12.110400780021866, 44.701829329183283 ] ] ] ] } },
{ "type": "Feature", "properties": { "id": null, "nome": null }, "geometry": { "type": "MultiPolygon", "coordinates": [ [ [ [ 12.110411542150713, 44.70202104866847 ], [ 12.110393328926346, 44.702026406268459 ], [ 12.110391418521383, 44.702036180518967 ], [ 12.110405364967832, 44.702042050289272 ], [ 12.110423352208286, 44.702041559933377 ], [ 12.110431712525376, 44.702034040391098 ], [ 12.110427303084215, 44.702024438428147 ], [ 12.110411542150713, 44.70202104866847 ] ] ] ] } },
{ "type": "Feature", "properties": { "id": null, "nome": null }, "geometry": { "type": "MultiPolygon", "coordinates": [ [ [ [ 12.110418060374014, 44.702324341582333 ], [ 12.110466476339043, 44.702301146803933 ], [ 12.110472151784329, 44.702270783908723 ], [ 12.110496229321773, 44.702229502724826 ], [ 12.110511389008142, 44.702185339672617 ], [ 12.11049252102926, 44.702078562956295 ], [ 12.110484698315922, 44.701987110037912 ], [ 12.110457786700833, 44.701948260573545 ], [ 12.110460712526038, 44.701921097620357 ], [ 12.110451032259084, 44.701849486900215 ], [ 12.110439819868922, 44.70183104266669 ], [ 12.110423173038647, 44.701792955020196 ], [ 12.110391886308047, 44.701754224810912 ], [ 12.110350548901934, 44.701745976756733 ], [ 12.110327149428485, 44.701772656171315 ], [ 12.110327307617482, 44.701802860033226 ], [ 12.110330039132073, 44.701853826968197 ], [ 12.110321335308367, 44.701882189090725 ], [ 12.110310439318837, 44.70192415256701 ], [ 12.110284624615353, 44.70196027276284 ], [ 12.110289771252454, 44.702001798910722 ], [ 12.110291833813458, 44.702040284147422 ], [ 12.110287273187947, 44.702091449867225 ], [ 12.110317259812167, 44.70216042371797 ], [ 12.110346791515608, 44.702248159861874 ], [ 12.110374149183164, 44.702295330480098 ], [ 12.110418060374014, 44.702324341582333 ] ] ] ] } },
{ "type": "Feature", "properties": { "id": null, "nome": null }, "geometry": { "type": "MultiPolygon", "coordinates": [ [ [ [ 12.110521721567601, 44.700879335655038 ], [ 12.110494794747634, 44.700887882197392 ], [ 12.110479739637061, 44.700913552915473 ], [ 12.110479660957404, 44.700939336177356 ], [ 12.110493297690939, 44.700962141377147 ], [ 12.110506500152606, 44.700983656337776 ], [ 12.110513016644468, 44.700996239034886 ], [ 12.110521232950862, 44.700999660854656 ], [ 12.110541232425431, 44.700991303162617 ], [ 12.11054933002301, 44.700972072083744 ], [ 12.110559840441839, 44.700950171071305 ], [ 12.11056268033335, 44.700928218761433 ], [ 12.11056059925599, 44.700903015210713 ], [ 12.110549793440409, 44.700885341147469 ], [ 12.110521721567601, 44.700879335655038 ] ] ] ] } },
{ "type": "Feature", "properties": { "id": null, "nome": null }, "geometry": { "type": "MultiPolygon", "coordinates": [ [ [ [ 12.110576941512337, 44.700928611209477 ], [ 12.110554561100063, 44.700885731999676 ], [ 12.110534554455668, 44.700873517079025 ], [ 12.110509510873742, 44.700869512347801 ], [ 12.110486552834532, 44.700877169444674 ], [ 12.110478497036974, 44.700897180625716 ], [ 12.11046738282551, 44.700921441829166 ], [ 12.110463209928987, 44.700945774214652 ], [ 12.110485148826033, 44.700966790591707 ], [ 12.110499010801783, 44.700986985496954 ], [ 12.110516911257626, 44.701007591133269 ], [ 12.110534832389941, 44.701008144223387 ], [ 12.11055121598314, 44.700993635139376 ], [ 12.110564276361851, 44.700978435406583 ], [ 12.110572991653125, 44.700957104163486 ], [ 12.110576941512337, 44.700928611209477 ] ] ] ] } },
{ "type": "Feature", "properties": { "id": null, "nome": null }, "geometry": { "type": "MultiPolygon", "coordinates": [ [ [ [ 12.110336794993607, 44.701359895388556 ], [ 12.110314582144955, 44.701361021753314 ], [ 12.110290936490516, 44.701369478801048 ], [ 12.110287597059669, 44.701375298971463 ], [ 12.110297648087434, 44.701385702005616 ], [ 12.110307785001174, 44.701390894391423 ], [ 12.110328356019727, 44.701393198184206 ], [ 12.110341734811257, 44.701390750147581 ], [ 12.110347654324608, 44.701385380471343 ], [ 12.110353771204652, 44.701376880430693 ], [ 12.110354853335652, 44.701369819717627 ], [ 12.110354477058495, 44.701362798761892 ], [ 12.110336794993607, 44.701359895388556 ] ] ] ] } },
{ "type": "Feature", "properties": { "id": null, "nome": null }, "geometry": { "type": "MultiPolygon", "coordinates": [ [ [ [ 12.110351423142353, 44.70135350706289 ], [ 12.110301108074594, 44.701354878678863 ], [ 12.110275021693056, 44.701365485580737 ], [ 12.110271526696048, 44.701375216221052 ], [ 12.110278616826404, 44.701391689523184 ], [ 12.110285667422174, 44.701400611858638 ], [ 12.110308089326798, 44.701403386030165 ], [ 12.110330188439374, 44.701406950242713 ], [ 12.11034220864029, 44.701399591351155 ], [ 12.11035078018438, 44.7013892014877 ], [ 12.110354962564251, 44.701378670860464 ], [ 12.110358137014536, 44.701362959403866 ], [ 12.110351423142353, 44.70135350706289 ] ] ] ] } },
{ "type": "Feature", "properties": { "id": null, "nome": null }, "geometry": { "type": "MultiPolygon", "coordinates": [ [ [ [ 12.110299573816114, 44.701162734002693 ], [ 12.110270672806427, 44.701161698942165 ], [ 12.110248276593717, 44.7011662156916 ], [ 12.110233058632849, 44.701175224235406 ], [ 12.110226070920127, 44.701187914653403 ], [ 12.110233007720685, 44.701201527570042 ], [ 12.110249426427432, 44.701208111212985 ], [ 12.110273446017558, 44.70121344599189 ], [ 12.110293092667821, 44.701212129175047 ], [ 12.110301956848438, 44.701207200059294 ], [ 12.110308677496764, 44.701196339824151 ], [ 12.110312130670598, 44.701185829076643 ], [ 12.110312260628159, 44.701174627675414 ], [ 12.110299573816114, 44.701162734002693 ] ] ] ] } },
{ "type": "Feature", "properties": { "id": null, "nome": null }, "geometry": { "type": "MultiPolygon", "coordinates": [ [ [ [ 12.110306614985262, 44.701157854582362 ], [ 12.110269525533639, 44.701153917757402 ], [ 12.110239400754562, 44.701164113907502 ], [ 12.110225318401856, 44.701173872739794 ], [ 12.110217490001798, 44.701184502751595 ], [ 12.110230750436811, 44.701200287026381 ], [ 12.110255132349531, 44.70121238273051 ], [ 12.110271355961311, 44.701215325874152 ], [ 12.11029474617394, 44.701215729914452 ], [ 12.110309697085423, 44.701208551549534 ], [ 12.110317569545529, 44.701191930778087 ], [ 12.110318233600573, 44.701177069002696 ], [ 12.110306614985262, 44.701157854582362 ] ] ] ] } },
{ "type": "Feature", "properties": { "id": null, "nome": null }, "geometry": { "type": "MultiPolygon", "coordinates": [ [ [ [ 12.110260568948316, 44.701225255294851 ], [ 12.110302217093947, 44.701225682452204 ], [ 12.110328918857817, 44.701219746243915 ], [ 12.110336944610049, 44.701205985860788 ], [ 12.110328820960589, 44.701177040801127 ], [ 12.110308300897833, 44.70114843367238 ], [ 12.110273192292279, 44.701133765821993 ], [ 12.110218673986333, 44.701124835369313 ], [ 12.110174894049866, 44.701125507953599 ], [ 12.110152144890906, 44.701137065518736 ], [ 12.110139711448856, 44.701163966803662 ], [ 12.110152804635842, 44.701176630662786 ], [ 12.11019332423148, 44.701196880187076 ], [ 12.110228377115053, 44.701210507919669 ], [ 12.110260568948316, 44.701225255294851 ] ] ] ] } },
{ "type": "Feature", "properties": { "id": null, "nome": null }, "geometry": { "type": "MultiPolygon", "coordinates": [ [ [ [ 12.110126976945038, 44.701127334956567 ], [ 12.110100609638527, 44.701139511968329 ], [ 12.110117985250373, 44.701177579799683 ], [ 12.110125096313974, 44.701214885766362 ], [ 12.11014381889091, 44.701250833554248 ], [ 12.110165272345494, 44.701255977890717 ], [ 12.110178031111328, 44.701262400895317 ], [ 12.11019749206044, 44.701271245354249 ], [ 12.110217199299868, 44.701298312167857 ], [ 12.110226864935182, 44.70132877769295 ], [ 12.11022752929223, 44.701354801113794 ], [ 12.110223651197469, 44.701377823376532 ], [ 12.110234473225901, 44.701388986644986 ], [ 12.110236289412892, 44.701409249530222 ], [ 12.110256897698951, 44.701425875161895 ], [ 12.110283399918504, 44.701429840185625 ], [ 12.110330575254993, 44.701424387523488 ], [ 12.110355512099796, 44.701412770284996 ], [ 12.110373523750933, 44.701394571030676 ], [ 12.110386965057476, 44.701372850551742 ], [ 12.110395752404209, 44.701346048637362 ], [ 12.110396151647985, 44.701326246190007 ], [ 12.110380568682533, 44.701294379500062 ], [ 12.110369365471312, 44.701248851815571 ], [ 12.110348905631355, 44.701207743117656 ], [ 12.110328557309609, 44.701168714698312 ], [ 12.110306722742605, 44.701129205960086 ], [ 12.110289676942527, 44.701110920730763 ], [ 12.110267550074438, 44.701106836436175 ], [ 12.110235242269301, 44.701103550498033 ], [ 12.110187254368171, 44.701107462778815 ], [ 12.110126976945038, 44.701127334956567 ] ] ] ] } },
{ "type": "Feature", "properties": { "id": null, "nome": null }, "geometry": { "type": "MultiPolygon", "coordinates": [ [ [ [ 12.110310953397342, 44.701058257664386 ], [ 12.110287674734273, 44.701059933909072 ], [ 12.11028166936099, 44.701070514229322 ], [ 12.110291172296435, 44.701084317604696 ], [ 12.110306257996806, 44.701093281315423 ], [ 12.110320252167481, 44.701095503981584 ], [ 12.110341008777738, 44.701087646515482 ], [ 12.11034412521208, 44.701077665777284 ], [ 12.110335435081431, 44.701065402740696 ], [ 12.110310953397342, 44.701058257664386 ] ] ] ] } },
{ "type": "Feature", "properties": { "id": null, "nome": null }, "geometry": { "type": "MultiPolygon", "coordinates": [ [ [ [ 12.110334259930706, 44.701057101485816 ], [ 12.11029943009131, 44.701047634350367 ], [ 12.110275222587786, 44.701059231695112 ], [ 12.11027589150094, 44.70107171339577 ], [ 12.11028393603417, 44.7010855565279 ], [ 12.110306620328751, 44.701100042236398 ], [ 12.110326838313128, 44.701109386867003 ], [ 12.110340781273019, 44.701097027668879 ], [ 12.110353939282334, 44.701083648206122 ], [ 12.11035556944147, 44.701073187153952 ], [ 12.110334259930706, 44.701057101485816 ] ] ] ] } },
{ "type": "Feature", "properties": { "id": null, "nome": null }, "geometry": { "type": "MultiPolygon", "coordinates": [ [ [ [ 12.110143320013794, 44.701108660390915 ], [ 12.110113306713705, 44.701120936791476 ], [ 12.110087886979208, 44.701150796212268 ], [ 12.110074385276375, 44.701185018237958 ], [ 12.11008716271332, 44.701219044767228 ], [ 12.110111435609644, 44.701263174557283 ], [ 12.110144236021966, 44.701302905246145 ], [ 12.110211151482069, 44.701393268201485 ], [ 12.110221941087467, 44.701417453120321 ], [ 12.110227598395719, 44.701441257112336 ], [ 12.110246441694265, 44.701452201722077 ], [ 12.110286352874295, 44.701447467928354 ], [ 12.110313333461708, 44.701446732429183 ], [ 12.110331340609751, 44.701442074900299 ], [ 12.110344833163492, 44.70143493628661 ], [ 12.110399250035456, 44.701370432326904 ], [ 12.110403183805458, 44.701348450201664 ], [ 12.110398395003891, 44.701327226694758 ], [ 12.110375923775505, 44.701262214626212 ], [ 12.110346165108586, 44.701183859617373 ], [ 12.110307595838469, 44.70111824471585 ], [ 12.110275208954953, 44.701099856856388 ], [ 12.110225850827351, 44.701091827401292 ], [ 12.110195786375632, 44.701089521960192 ], [ 12.110166674089941, 44.70109135720098 ], [ 12.110143320013794, 44.701108660390915 ] ] ] ] } },
{ "type": "Feature", "properties": { "id": null, "nome": null }, "geometry": { "type": "MultiPolygon", "coordinates": [ [ [ [ 12.110095782602979, 44.701107352046918 ], [ 12.110043447349293, 44.701111903600015 ], [ 12.110002073364434, 44.701130218777827 ], [ 12.109997349904269, 44.701164722350207 ], [ 12.110018092776555, 44.701197490106743 ], [ 12.110035445083351, 44.701221496158695 ], [ 12.110061213401698, 44.701239022835281 ], [ 12.110086419752012, 44.701259689808133 ], [ 12.110098723424487, 44.70128487512924 ], [ 12.110108500476018, 44.701317420949913 ], [ 12.110117413562092, 44.701333844570932 ], [ 12.110161741935562, 44.701370656863396 ], [ 12.110169805228441, 44.701412103514372 ], [ 12.110166958326676, 44.701454368398288 ], [ 12.110184505873281, 44.701482014918888 ], [ 12.110192118706875, 44.701528682152968 ], [ 12.110207255700221, 44.7015522277351 ], [ 12.110218328602141, 44.701568071641589 ], [ 12.11024087371848, 44.70157995700314 ], [ 12.110297663695663, 44.701590388009855 ], [ 12.110333566589841, 44.701578992668757 ], [ 12.110345661027671, 44.701559392234046 ], [ 12.110351647603604, 44.701521208401289 ], [ 12.110362957073358, 44.701500587702206 ], [ 12.110376045093313, 44.701445022866004 ], [ 12.110380006748329, 44.701423560812216 ], [ 12.110409031780261, 44.701389436397363 ], [ 12.110433239389662, 44.70137783902171 ], [ 12.110434674428111, 44.701363737473777 ], [ 12.110402068093565, 44.701245876984842 ], [ 12.110389903663156, 44.701223292053697 ], [ 12.110327925317145, 44.701129669629395 ], [ 12.110310572921291, 44.701105663624212 ], [ 12.110275547955899, 44.7010925559863 ], [ 12.110233481840137, 44.701084327753328 ], [ 12.110183840459326, 44.701084639291615 ], [ 12.110141653729054, 44.701101414183157 ], [ 12.110095782602979, 44.701107352046918 ] ] ] ] } },
{ "type": "Feature", "properties": { "id": null, "nome": null }, "geometry": { "type": "MultiPolygon", "coordinates": [ [ [ [ 12.11020419220959, 44.700946585226291 ], [ 12.110200546215337, 44.700946684614131 ], [ 12.11017586493541, 44.700949440731748 ], [ 12.110159845856806, 44.700963939825577 ], [ 12.110159307176737, 44.700981141920757 ], [ 12.110196719305502, 44.700984288739832 ], [ 12.11024955610794, 44.700989098395702 ], [ 12.110278162110038, 44.700991443580207 ], [ 12.11029693073313, 44.700973744532618 ], [ 12.110290260997493, 44.700958301431953 ], [ 12.110278849201183, 44.700949758398544 ], [ 12.110234651335182, 44.700942629938872 ], [ 12.11020419220959, 44.700946585226291 ] ] ] ] } },
{ "type": "Feature", "properties": { "id": null, "nome": null }, "geometry": { "type": "MultiPolygon", "coordinates": [ [ [ [ 12.110175197000109, 44.700684876966889 ], [ 12.1101720618306, 44.700667254186548 ], [ 12.110159247460013, 44.700659791035122 ], [ 12.110141235955325, 44.700677990253141 ], [ 12.110134023027065, 44.700693290958704 ], [ 12.110139540863461, 44.700714494605826 ], [ 12.110126406168742, 44.700741935836675 ], [ 12.110121854604118, 44.700766018116973 ], [ 12.110122746435371, 44.700782660387823 ], [ 12.110127033424538, 44.700794522634844 ], [ 12.110156958370688, 44.700794227743827 ], [ 12.110193195255171, 44.700789073309735 ], [ 12.110222251647198, 44.700786197924494 ], [ 12.110242446191455, 44.700781480781799 ], [ 12.110249320095885, 44.70077348094047 ], [ 12.11025008171751, 44.700760439412342 ], [ 12.110243384151053, 44.700744476236544 ], [ 12.110235901651011, 44.700727492796048 ], [ 12.110220230777751, 44.700707607583205 ], [ 12.110175197000109, 44.700684876966889 ] ] ] ] } },
{ "type": "Feature", "properties": { "id": null, "nome": null }, "geometry": { "type": "MultiPolygon", "coordinates": [ [ [ [ 12.110230667043908, 44.700697948142327 ], [ 12.110222622581999, 44.700684105003781 ], [ 12.110214861392219, 44.700661920852141 ], [ 12.110217583080001, 44.700658200845446 ], [ 12.110247986312665, 44.700653205416657 ], [ 12.11027179891323, 44.700647868810293 ], [ 12.110285124068977, 44.700637609782376 ], [ 12.110271636238309, 44.700631206663545 ], [ 12.110251023687223, 44.700628122746309 ], [ 12.110228418647473, 44.700628738954649 ], [ 12.110194397321143, 44.70063435383593 ], [ 12.110179869162476, 44.70063579152491 ], [ 12.110160236638023, 44.700637368352453 ], [ 12.110132076729364, 44.700643344268784 ], [ 12.110114237025233, 44.700651122186187 ], [ 12.110100210509271, 44.700661921142853 ], [ 12.110096699288334, 44.700678162604177 ], [ 12.110099834435829, 44.700695785387175 ], [ 12.110099128519336, 44.70070986705732 ], [ 12.110094553666608, 44.700719887543585 ], [ 12.110106067691811, 44.700757594326092 ], [ 12.110111302242812, 44.700787138986882 ], [ 12.110122514310332, 44.700805583264099 ], [ 12.110142397722274, 44.70080868708002 ], [ 12.11017841165522, 44.700799372082841 ], [ 12.110208030027188, 44.700793356398151 ], [ 12.110238656297279, 44.700792521537245 ], [ 12.11024805224419, 44.700790702913572 ], [ 12.110255822571196, 44.700785803619446 ], [ 12.110258859946159, 44.700760720949305 ], [ 12.110244679874652, 44.700727774334247 ], [ 12.110230667043908, 44.700697948142327 ] ] ] ] } },
{ "type": "Feature", "properties": { "id": null, "nome": null }, "geometry": { "type": "MultiPolygon", "coordinates": [ [ [ [ 12.110149328210122, 44.700965268187737 ], [ 12.110161381007527, 44.700985772865828 ], [ 12.110180307752897, 44.700998277704464 ], [ 12.110207845548642, 44.701007943654112 ], [ 12.110229833020455, 44.701009427607083 ], [ 12.110260180691952, 44.701003392028454 ], [ 12.110278187709048, 44.700998734511366 ], [ 12.110300096103389, 44.700985116517828 ], [ 12.110302794467255, 44.700967334717689 ], [ 12.110294048620098, 44.700954031535296 ], [ 12.110242075300308, 44.700883573700125 ], [ 12.110234286201484, 44.700860869480529 ], [ 12.110252413766316, 44.700831208810051 ], [ 12.110281284169705, 44.700797609471223 ], [ 12.110303568442351, 44.700750127237548 ], [ 12.11031409739503, 44.700714944560104 ], [ 12.110304919273455, 44.700652695079846 ], [ 12.110296596089437, 44.700633651237823 ], [ 12.110272509338476, 44.700620245418804 ], [ 12.110229486849553, 44.70062141820646 ], [ 12.11018965983901, 44.700627712177983 ], [ 12.110125964472289, 44.700638302574944 ], [ 12.11010231907705, 44.700646759577047 ], [ 12.110077015603826, 44.700665157553345 ], [ 12.110076504766326, 44.700682879720475 ], [ 12.110090187674544, 44.700692923359512 ], [ 12.110082050449948, 44.700704603442013 ], [ 12.110064967785446, 44.700712881546629 ], [ 12.110071860383881, 44.70073248523142 ], [ 12.110085566580125, 44.700756590663929 ], [ 12.110102305642284, 44.700769155148713 ], [ 12.110121079202155, 44.700819684811009 ], [ 12.110135537928851, 44.700857832151804 ], [ 12.11014772547086, 44.700894478908786 ], [ 12.110154418456343, 44.700923983811656 ], [ 12.110149328210122, 44.700965268187737 ] ] ] ] } },
{ "type": "Feature", "properties": { "id": null, "nome": null }, "geometry": { "type": "MultiPolygon", "coordinates": [ [ [ [ 12.110104753316314, 44.701036274551463 ], [ 12.110085078683268, 44.70099618606254 ], [ 12.110068599569233, 44.700961218772157 ], [ 12.110052598851549, 44.70092155096323 ], [ 12.110045018705936, 44.700861862058872 ], [ 12.110050048683295, 44.700833079265401 ], [ 12.110051901577792, 44.700745008378014 ], [ 12.110038729511972, 44.700717242567471 ], [ 12.110033913038803, 44.700695498967043 ], [ 12.110028618193258, 44.700678455881757 ], [ 12.110015892053786, 44.700659011203925 ], [ 12.109975005995102, 44.700645542402413 ], [ 12.109951955053443, 44.700637837419329 ], [ 12.109910024013642, 44.700645751135092 ], [ 12.109850025630482, 44.700670823868045 ], [ 12.109830639232223, 44.700690623003531 ], [ 12.109828498071932, 44.700718806219172 ], [ 12.109826807436383, 44.700741768848495 ], [ 12.10984581763187, 44.700755833960635 ], [ 12.109849259249126, 44.700779177534436 ], [ 12.109887005647332, 44.700788565312358 ], [ 12.10992163556242, 44.700807933806189 ], [ 12.109962261670233, 44.700843805430267 ], [ 12.109985029395878, 44.700859851421193 ], [ 12.109983817202243, 44.70087811353541 ], [ 12.109958592577824, 44.700911613424545 ], [ 12.10994251309282, 44.700938614069969 ], [ 12.109925476821591, 44.700975015743815 ], [ 12.109919183451062, 44.701007478782095 ], [ 12.109918695808053, 44.701039262742924 ], [ 12.109932123338089, 44.701058167482174 ], [ 12.109955875779415, 44.701065332517139 ], [ 12.109987932732379, 44.70106393789645 ], [ 12.110021731378934, 44.701054162501656 ], [ 12.110053059122853, 44.7010527877393 ], [ 12.110072914747642, 44.701055371494 ], [ 12.110088367302366, 44.701057554435543 ], [ 12.110113527004202, 44.701050097819994 ], [ 12.110104753316314, 44.701036274551463 ] ] ] ] } },
{ "type": "Feature", "properties": { "id": null, "nome": null }, "geometry": { "type": "MultiPolygon", "coordinates": [ [ [ [ 12.109995607094721, 44.700723365881935 ], [ 12.109978540654993, 44.700725133148055 ], [ 12.109964878693905, 44.700735922151118 ], [ 12.109963824391112, 44.7007435029332 ], [ 12.109974114437286, 44.700751555743864 ], [ 12.109989778228893, 44.700750868372538 ], [ 12.110001881949424, 44.700745069731816 ], [ 12.110008460957289, 44.700738380019821 ], [ 12.110004327274341, 44.700729378158073 ], [ 12.109995607094721, 44.700723365881935 ] ] ] ] } },
{ "type": "Feature", "properties": { "id": null, "nome": null }, "geometry": { "type": "MultiPolygon", "coordinates": [ [ [ [ 12.110006087510932, 44.700707715705597 ], [ 12.110001842356496, 44.700696633559531 ], [ 12.110001187445244, 44.7006844118903 ], [ 12.109991654471932, 44.700676859276719 ], [ 12.109973382778987, 44.700676576071714 ], [ 12.109968863643115, 44.700687636695619 ], [ 12.109976513270276, 44.700707740582281 ], [ 12.109971515751665, 44.700723501721711 ], [ 12.109956465067388, 44.70073563065344 ], [ 12.109955283044986, 44.700747641977344 ], [ 12.109962598257077, 44.700761505012125 ], [ 12.109975930501411, 44.70077181863828 ], [ 12.109989924583424, 44.700774041347557 ], [ 12.110005913481706, 44.700765793067845 ], [ 12.110014752057658, 44.700753573042888 ], [ 12.110021080245772, 44.700742202691039 ], [ 12.11002851616033, 44.700731062559839 ], [ 12.11002149586308, 44.700715889413829 ], [ 12.110006087510932, 44.700707715705597 ] ] ] ] } },
{ "type": "Feature", "properties": { "id": null, "nome": null }, "geometry": { "type": "MultiPolygon", "coordinates": [ [ [ [ 12.10996747745178, 44.700804861378003 ], [ 12.109990249777111, 44.700807365645602 ], [ 12.110021665602865, 44.700794009385937 ], [ 12.110033365229125, 44.700780669712096 ], [ 12.110042013321065, 44.700751267465535 ], [ 12.110039834938673, 44.700724243649653 ], [ 12.110030053437193, 44.70070523953914 ], [ 12.110023667102141, 44.700681455406766 ], [ 12.109999724347146, 44.700657108161082 ], [ 12.109951490604921, 44.700642797970247 ], [ 12.109907622784652, 44.700655451952407 ], [ 12.109875505676037, 44.700669348126041 ], [ 12.109853230370977, 44.700689746837718 ], [ 12.109832246240272, 44.700706985368512 ], [ 12.109842278482772, 44.700730670137723 ], [ 12.109851107793544, 44.700745533572338 ], [ 12.109877409963275, 44.700759399926241 ], [ 12.109901636025793, 44.700775406184754 ], [ 12.109940613252066, 44.700794135348296 ], [ 12.10996747745178, 44.700804861378003 ] ] ] ] } },
{ "type": "Feature", "properties": { "id": null, "nome": null }, "geometry": { "type": "MultiPolygon", "coordinates": [ [ [ [ 12.110166865427544, 44.700607760724914 ], [ 12.110146958794545, 44.700590595118065 ], [ 12.110136587437511, 44.700574211248593 ], [ 12.110086751405776, 44.700570882235574 ], [ 12.110043924027627, 44.70057569544943 ], [ 12.109987014383407, 44.700590267448248 ], [ 12.109949992669607, 44.700594401547725 ], [ 12.109939723580556, 44.700607181390254 ], [ 12.109944934788578, 44.700622664267556 ], [ 12.109970368385961, 44.70063395012172 ], [ 12.11000587138313, 44.700642357348414 ], [ 12.110026507189698, 44.70065950310407 ], [ 12.110039061515003, 44.700689369077303 ], [ 12.110055791347021, 44.700729017015007 ], [ 12.110064054132271, 44.700760562456587 ], [ 12.110071587730413, 44.700792127773859 ], [ 12.110067119747933, 44.700817770265488 ], [ 12.110094629904268, 44.70090868657779 ], [ 12.110097700153108, 44.700952352661702 ], [ 12.110112697596435, 44.700973297908888 ], [ 12.110138266154918, 44.701000725796035 ], [ 12.110175868820315, 44.701021054839295 ], [ 12.110189830533878, 44.701036299172252 ], [ 12.110193810981261, 44.701042440635476 ], [ 12.110233387434794, 44.701031466017028 ], [ 12.110267408987518, 44.701025851118068 ], [ 12.110290715509249, 44.701024694948771 ], [ 12.110363607610275, 44.701022187039577 ], [ 12.110381698240781, 44.701019089718677 ], [ 12.110388878747697, 44.701016810647893 ], [ 12.110400254409523, 44.70100764641353 ], [ 12.110399223129702, 44.700988403793701 ], [ 12.110375061632839, 44.700946354349306 ], [ 12.110367727475269, 44.700904887833609 ], [ 12.11035972369927, 44.700769169223356 ], [ 12.110354437811148, 44.70072504271505 ], [ 12.110341832107119, 44.700680594918929 ], [ 12.110332881471754, 44.700608964287255 ], [ 12.110340577223729, 44.700575421333482 ], [ 12.110340781395161, 44.700551978387495 ], [ 12.110340562959315, 44.700534276099376 ], [ 12.11032531017619, 44.700522191963216 ], [ 12.110294122083792, 44.700526167146812 ], [ 12.110288678729367, 44.700533607163287 ], [ 12.110277792016451, 44.700548487195604 ], [ 12.110257876262759, 44.700558405051581 ], [ 12.110244300283886, 44.700563983437775 ], [ 12.110218272261795, 44.700568859599265 ], [ 12.110207640923463, 44.700574878542021 ], [ 12.110207608486778, 44.700587900192971 ], [ 12.11021354895815, 44.700603363178594 ], [ 12.110202272029408, 44.700610962211371 ], [ 12.110182750994586, 44.700614619326316 ], [ 12.110166865427544, 44.700607760724914 ] ] ] ] } },
{ "type": "Feature", "properties": { "id": null, "nome": null }, "geometry": { "type": "MultiPolygon", "coordinates": [ [ [ [ 12.110203704970845, 44.701019254382899 ], [ 12.110240276442047, 44.701020340780943 ], [ 12.110261483525202, 44.701007262743076 ], [ 12.110291831191823, 44.701001227156155 ], [ 12.11031889972211, 44.700988510153621 ], [ 12.110330153366643, 44.700966849317048 ], [ 12.110322615065881, 44.700948825742657 ], [ 12.110305545984701, 44.700916478722469 ], [ 12.11028892286464, 44.700892452832996 ], [ 12.110286126645928, 44.700867529187292 ], [ 12.110295555016846, 44.700852688909528 ], [ 12.110310816962397, 44.700837689605542 ], [ 12.110318257369039, 44.700813007736144 ], [ 12.11032050005748, 44.700732217847701 ], [ 12.110324828565524, 44.700703974994731 ], [ 12.110316087296178, 44.700677130091599 ], [ 12.1103075690057, 44.700654445754509 ], [ 12.110306482026793, 44.700634162990035 ], [ 12.110293333193928, 44.700620459003268 ], [ 12.110278386977255, 44.700614095641185 ], [ 12.110220107145823, 44.700616726002565 ], [ 12.110188440630937, 44.700625401674799 ], [ 12.11013470316915, 44.700631033154444 ], [ 12.110096079114145, 44.700646148423353 ], [ 12.110061296098849, 44.700664804793988 ], [ 12.11006151445217, 44.70068250708465 ], [ 12.110063130860848, 44.700712671202645 ], [ 12.110068198169518, 44.700739095440362 ], [ 12.110075313726965, 44.700762859692652 ], [ 12.110107301007485, 44.700801050067447 ], [ 12.110116882879234, 44.700829955395157 ], [ 12.110129186463395, 44.700855140716776 ], [ 12.11014131826075, 44.700890747332693 ], [ 12.110132475112925, 44.700916509088756 ], [ 12.110132154804781, 44.700951413473298 ], [ 12.110136409362095, 44.700976297369898 ], [ 12.11015651122241, 44.700997103470463 ], [ 12.110183849353927, 44.701016670650773 ], [ 12.110203704970845, 44.701019254382899 ] ] ] ] } },
{ "type": "Feature", "properties": { "id": null, "nome": null }, "geometry": { "type": "MultiPolygon", "coordinates": [ [ [ [ 12.110053613469681, 44.700494181748688 ], [ 12.110027980230173, 44.700492797137549 ], [ 12.110001283377894, 44.700485191544161 ], [ 12.10997626324205, 44.700495248484465 ], [ 12.109974071040108, 44.700508849835877 ], [ 12.109985649912437, 44.700520513330353 ], [ 12.110004915499868, 44.700525717333555 ], [ 12.110029429398848, 44.700519840831312 ], [ 12.11004864385624, 44.700510462961937 ], [ 12.110059163724847, 44.700502363749706 ], [ 12.110053613469681, 44.700494181748688 ] ] ] ] } },
{ "type": "Feature", "properties": { "id": null, "nome": null }, "geometry": { "type": "MultiPolygon", "coordinates": [ [ [ [ 12.110066404521074, 44.700487583119582 ], [ 12.110030116681786, 44.700478155643381 ], [ 12.110011185529647, 44.700479192496601 ], [ 12.109977359342697, 44.700488447808759 ], [ 12.109962041659367, 44.700502406926624 ], [ 12.109961279973088, 44.700515448455022 ], [ 12.109983039688405, 44.700526313616052 ], [ 12.110013103841615, 44.700528619121805 ], [ 12.110062048028116, 44.700515305895664 ], [ 12.110082247090487, 44.70049704706053 ], [ 12.110066404521074, 44.700487583119582 ] ] ] ] } },
{ "type": "Feature", "properties": { "id": null, "nome": null }, "geometry": { "type": "MultiPolygon", "coordinates": [ [ [ [ 12.110283002733972, 44.700482199655305 ], [ 12.110275464518914, 44.700464176074306 ], [ 12.110242961979871, 44.700457249631633 ], [ 12.110165217056881, 44.700464577223208 ], [ 12.110121042856701, 44.700471510501941 ], [ 12.110085173056072, 44.700469884108237 ], [ 12.110017725011264, 44.700464951816436 ], [ 12.10998897531689, 44.700473547927139 ], [ 12.109955344204923, 44.700486443730227 ], [ 12.109952729352241, 44.700505785738976 ], [ 12.109958781218859, 44.700523329024492 ], [ 12.109976137905612, 44.700533793370745 ], [ 12.110002444619674, 44.70053411797484 ], [ 12.110032764203492, 44.7005275623915 ], [ 12.110090653790513, 44.700517651134078 ], [ 12.110134577203588, 44.700506037227235 ], [ 12.110187696837187, 44.700502505911935 ], [ 12.110230352362111, 44.700508113942142 ], [ 12.110269250444427, 44.700511741061788 ], [ 12.110289783889851, 44.700499723042675 ], [ 12.110283002733972, 44.700482199655305 ] ] ] ] } },
{ "type": "Feature", "properties": { "id": null, "nome": null }, "geometry": { "type": "MultiPolygon", "coordinates": [ [ [ [ 12.110327451092562, 44.700494008744336 ], [ 12.110322021368152, 44.700460823598227 ], [ 12.110305732834814, 44.700443038556919 ], [ 12.110286889863859, 44.700432093946503 ], [ 12.110246477708808, 44.700427466444857 ], [ 12.110171482376872, 44.700431594103193 ], [ 12.110081225129113, 44.700450720987334 ], [ 12.110034807611816, 44.700456673720446 ], [ 12.10999702892582, 44.700460307638075 ], [ 12.109964888701965, 44.700460142038956 ], [ 12.109947355575493, 44.70047364071133 ], [ 12.109936775329325, 44.700494241495178 ], [ 12.109920496231208, 44.700531143362518 ], [ 12.109926854636589, 44.700554407431767 ], [ 12.10996356515439, 44.700558094282272 ], [ 12.110012142474737, 44.700551561876125 ], [ 12.110059600423972, 44.700537768331905 ], [ 12.110121419266017, 44.700519416663596 ], [ 12.1101903582083, 44.700511287486194 ], [ 12.110248326801901, 44.700516478084474 ], [ 12.110284252375033, 44.700519144567743 ], [ 12.11031703820731, 44.700517729985094 ], [ 12.110332128297447, 44.700513151976004 ], [ 12.110327451092562, 44.700494008744336 ] ] ] ] } },
{ "type": "Feature", "properties": { "id": null, "nome": "I.R" }, "geometry": { "type": "MultiPolygon", "coordinates": [ [ [ [ 12.113700260393825, 44.701459038356489 ], [ 12.113650906043965, 44.701444397803847 ], [ 12.113544431406817, 44.701479278280324 ], [ 12.113536379900568, 44.701538118574646 ], [ 12.113554585426701, 44.701598906917376 ], [ 12.113610382670858, 44.701663998551489 ], [ 12.113659166208841, 44.701667996411757 ], [ 12.113762767011169, 44.701649181687955 ], [ 12.113776851992426, 44.701563531002805 ], [ 12.113761948600402, 44.701494658862657 ], [ 12.113700260393825, 44.701459038356489 ] ] ] ] } },
{ "type": "Feature", "properties": { "id": null, "nome": "II.F" }, "geometry": { "type": "MultiPolygon", "coordinates": [ [ [ [ 12.111231289137512, 44.70545063742172 ], [ 12.11123509553256, 44.705495498254201 ], [ 12.111250798189198, 44.705527044910376 ], [ 12.111285873980574, 44.705554066424241 ], [ 12.111314765013942, 44.70557026522787 ], [ 12.111355873290874, 44.705579136367831 ], [ 12.111404841065292, 44.705577801025136 ], [ 12.111447784521118, 44.705568636235817 ], [ 12.111485888721104, 44.705547612833421 ], [ 12.111494130753339, 44.70551841086273 ], [ 12.111491126661884, 44.705488516368725 ], [ 12.111489307649283, 44.705454592700761 ], [ 12.111460264211129, 44.70540942089297 ], [ 12.111406136377179, 44.705392911123603 ], [ 12.111336075640285, 44.705392823234043 ], [ 12.111284577352183, 44.705399223621413 ], [ 12.111231289137512, 44.70545063742172 ] ] ] ] } },
{ "type": "Feature", "properties": { "id": 1, "nome": null }, "geometry": { "type": "MultiPolygon", "coordinates": [ [ [ [ 12.110881098967273, 44.709129346475954 ], [ 12.110979192040705, 44.709166214864254 ], [ 12.111078322124788, 44.709047189630084 ], [ 12.110923161459279, 44.708543512639778 ], [ 12.11086929722951, 44.708274331499155 ], [ 12.110894296978866, 44.708234985614212 ], [ 12.110966632481631, 44.708159199743662 ], [ 12.110966965425341, 44.708153918267051 ], [ 12.110833204335481, 44.708003347689335 ], [ 12.11082355266676, 44.707995702244112 ], [ 12.11077485999237, 44.707983848840627 ], [ 12.110699881278574, 44.707964364113913 ], [ 12.110629851566486, 44.707933760248082 ], [ 12.110508038434306, 44.707937081204882 ], [ 12.11045948325714, 44.70793928364769 ], [ 12.110347878636967, 44.707983626586824 ], [ 12.110298929347216, 44.708104908039971 ], [ 12.110302327192219, 44.708133813605478 ], [ 12.110317493305356, 44.708209849948958 ], [ 12.11040666561726, 44.708241250254964 ], [ 12.110398316085622, 44.708303867921927 ], [ 12.110330160077675, 44.708331209176443 ], [ 12.110330145098766, 44.708376903704206 ], [ 12.110368105587924, 44.708429910954514 ], [ 12.110459954556864, 44.708453769018462 ], [ 12.110584769676823, 44.708609856317459 ], [ 12.110695062183982, 44.708951861925314 ], [ 12.110766405758987, 44.709058660011429 ], [ 12.110881098967273, 44.709129346475954 ] ] ] ] } },
{ "type": "Feature", "properties": { "id": 2, "nome": null }, "geometry": { "type": "MultiPolygon", "coordinates": [ [ [ [ 12.110654747139247, 44.708492944323453 ], [ 12.110663123222082, 44.708494034061594 ], [ 12.110701877906294, 44.708533198417314 ], [ 12.110743019077065, 44.708519065039788 ], [ 12.110693023301394, 44.708448403489953 ], [ 12.110681208369073, 44.708434885563811 ], [ 12.110700316654103, 44.708394821612046 ], [ 12.110721265079276, 44.708371842781922 ], [ 12.110760276554696, 44.70835825721808 ], [ 12.110763520194565, 44.708315330545268 ], [ 12.110743940007543, 44.708277639497702 ], [ 12.110714778714705, 44.708233619168183 ], [ 12.110678582118492, 44.708213516432536 ], [ 12.110637119751862, 44.70823310023632 ], [ 12.110638213459982, 44.708253500962179 ], [ 12.110641858453336, 44.708287013127503 ], [ 12.110672805857021, 44.708295396090357 ], [ 12.110684544681215, 44.708324733287824 ], [ 12.110665007511255, 44.708374035627337 ], [ 12.110659559796362, 44.708427567184557 ], [ 12.110647693029252, 44.708464797501932 ], [ 12.110654747139247, 44.708492944323453 ] ] ] ] } }
]
}
